Page,Job_title,Company,Location,Search_eng,Term,URL,Words_of_concern
2,Full Stack .Net Developer - Permanent OR Contract,1iCT Pty Ltd,CBD & Inner Suburbs,SEEK,developer,https://www.seek.com.au//job/35492378?type=standard&userqueryid=e907361bbd2f1cd85fa93bb4a24fb26d-2640822,right & perman
0,Landscape Architect,AILA,Queensland,Neuvoo,part time developer,https://au.neuvoo.com/job.php?id=m2d7nqebbr&lang=en&k=part+time+developer,*No found
0,Full Stack Developer,ALS Industrial - Tribology,Northern Suburbs,SEEK,programmer,https://www.seek.com.au//job/35494434?type=standard&userqueryid=955cbf4ff5728a6628c6603cbb7b0648-2610694,*No found
2,Full Stack Developer,ALS Limited,"Brisbane, Queensland",Neuvoo,developer,https://au.neuvoo.com/job.php?id=49ihv30xty&lang=en&k=developer,*No found
2,Substation Testing and Commissioning Engineer,AMPS Testing Services,CBD & Inner Suburbs,SEEK,developer,https://www.seek.com.au//job/35469636?type=standard&userqueryid=e907361bbd2f1cd85fa93bb4a24fb26d-2640822,year
3,UX/UI Lead | Front End Web Developer,APNIC,CBD & Inner Suburbs,SEEK,part time developer,https://www.seek.com.au//job/35271770?type=standard&userqueryid=a15640fd2308c82dd13dfea98ffcc24b-2703933,right
2,Microsoft Exchange Engineer / Admin,ASG Group Ltd,,SEEK,software engineering,https://www.seek.com.au//job/35462346?type=standard&userqueryid=1e5b92765efcdbff4c0a8bc6def27df1-2584516,experienc
1,Survey Drafter/ Cadet/ Graduate (CAD),Acworth Recruitment,CBD & Inner Suburbs,SEEK,part time developer,https://www.seek.com.au//job/35481451?type=standout&userqueryid=a15640fd2308c82dd13dfea98ffcc24b-2702142,onli & year
4,Automation Developer,Adaps,Brisbane QLD,Indeed,python,https://au.indeed.com//rc/clk?jk=9c2b26c33f4d4904&fccid=ad7d1489eb2ecef6,onli & year
3,Aircraft Structures Design Engineer,Airbus Groups,"Brisbane Airport, Queensland",Neuvoo,software engineering,https://au.neuvoo.com/job.php?id=dgbmxyp85v&lang=en&k=software+engineering,*No found
0,Python Developer,Ajilon,,SEEK,python,https://www.seek.com.au//job/35474619?type=standout&userqueryid=8a9e9534f4e8f5f6bd15933dd955d215-2667640,must & experienc
1,Data Scientists x 2,Ajilon,CBD & Inner Suburbs,SEEK,python,https://www.seek.com.au//job/35450958?type=standout&userqueryid=8a9e9534f4e8f5f6bd15933dd955d215-2668568,experienc
2,Online Course Developer / Designer (Fuel Installation),Allstaff Australia Pty Ltd,,SEEK,developer,https://www.seek.com.au//job/35493200?type=standard&userqueryid=e907361bbd2f1cd85fa93bb4a24fb26d-2640822,*No found
0,Integration/DevOps,Ambition,Brisbane Central Business District QLD,Indeed,python,https://au.indeed.com//rc/clk?jk=9bbe167a78fdb418&fccid=c9cd3dc1c74035d6,must & experienc
0,Integration/DevOps,Ambition Technology,CBD & Inner Suburbs,SEEK,python,https://www.seek.com.au//job/35479875?type=standout&userqueryid=8a9e9534f4e8f5f6bd15933dd955d215-2667640,must & experienc
3,SOFTWARE ENGINEER,Ansaldo,Eagle Farm QLD,Indeed,python,https://au.indeed.com//rc/clk?jk=ebe4320fdd38ee19&fccid=371f5c6e912b30d4,onli & must & right & ethic & experienc & year
2,SOFTWARE ENGINEER,Ansaldo STS,"Eagle Farm, Queensland",Neuvoo,python,https://au.neuvoo.com/job.php?id=3u7j2j4gwc&lang=en&k=python,*No found
3,SOFTWARE ENGINEER - GRADUATE/JUNIOR,Ansaldo STS Australia Pty Ltd,,SEEK,python,https://www.seek.com.au//job/35277305?type=standard&userqueryid=8a9e9534f4e8f5f6bd15933dd955d215-2670144,year
0,Estimator/Programmer,Arrium,Queensland,Neuvoo,programmer,https://au.neuvoo.com/job.php?id=mh6pu0fj0p&lang=en&k=programmer,*No found
2,Network Engineer,Arthur J. Gallagher & Co.,"Brisbane, Queensland",Neuvoo,data science,https://au.neuvoo.com/job.php?id=pp99qh7mia&lang=en&k=data+science,*No found
3,SAP Development Specialist,Aurec,,SEEK,part time developer,https://www.seek.com.au//job/35439792?type=standard&userqueryid=a15640fd2308c82dd13dfea98ffcc24b-2703933,experienc & year
3,SAP Project Systems Specialist,Aurec,,SEEK,part time developer,https://www.seek.com.au//job/35439412?type=standard&userqueryid=a15640fd2308c82dd13dfea98ffcc24b-2703933,experienc & year
3,SAP Payroll Specialist ,Aurec,,SEEK,part time developer,https://www.seek.com.au//job/35439612?type=standard&userqueryid=a15640fd2308c82dd13dfea98ffcc24b-2703933,experienc & year
0,Structural Engineer,Aurecon,CBD & Inner Suburbs,SEEK,python,https://www.seek.com.au//job/35463000?type=standard&userqueryid=8a9e9534f4e8f5f6bd15933dd955d215-2667640,year
2,Power Systems Engineer,Aurecon,Brisbane QLD,Indeed,python,https://au.indeed.com//rc/clk?jk=72b354ee774b6b30&fccid=e3d08718f8a55f6a&vjs=3,year
2,Power Systems Engineer,Aurecon Group Brand (Pte) Ltd,Queensland,Neuvoo,python,https://au.neuvoo.com/job.php?id=z6bd7f58pz&lang=en&k=python,*No found
0,Structural Engineer,Aurecon Group Brand (Pte) Ltd,Queensland,Neuvoo,python,https://au.neuvoo.com/job.php?id=74c58isq4z&lang=en&k=python,*No found
3,Scrum Master - Web Developer,Aurion Corporation Pty Ltd,CBD & Inner Suburbs,SEEK,part time developer,https://www.seek.com.au//job/35434381?type=standard&userqueryid=a15640fd2308c82dd13dfea98ffcc24b-2703933,right & year
2,PRODUCTION ESTIMATOR,Ausbuild,Bayside & Eastern Suburbs,SEEK,part time developer,https://www.seek.com.au//job/35449595?type=standout&userqueryid=a15640fd2308c82dd13dfea98ffcc24b-2703112,onli & year
1,Land Property Administrator,Ausbuild,Bayside & Eastern Suburbs,SEEK,part time developer,https://www.seek.com.au//job/35472469?type=standout&userqueryid=a15640fd2308c82dd13dfea98ffcc24b-2702142,onli & experienc & year
1,Java/Web Developer,Australian Digital Health Agency,CBD & Inner Suburbs,SEEK,software engineering,https://www.seek.com.au//job/35478554?type=standout&userqueryid=1e5b92765efcdbff4c0a8bc6def27df1-2583778,must & experienc
2,FHIR Developer/Modeller,Australian Digital Health Agency,CBD & Inner Suburbs,SEEK,programmer,https://www.seek.com.au//job/35478538?type=standout&userqueryid=955cbf4ff5728a6628c6603cbb7b0648-2612293,*No found
0,ANAO 2019 Graduate Program,Australian National Audit Office - Graduate,CBD & Inner Suburbs,SEEK,data science,https://www.seek.com.au//job/35429242?type=standout&userqueryid=dd277dacbe196026c76952c136329fc6-2597630,must & ethic & year & perman & citizen
1,Machinist - CNC Operator / Programmer,Australian Recruiting Group,Brisbane QLD,Indeed,programmer,https://au.indeed.com//rc/clk?jk=35289b4d8e2e1288&fccid=96717984c937c161,onli & must & experienc
0,CNC Machinist - Operator / Programmer,Australian Recruiting Group,Brisbane QLD,Indeed,programmer,https://au.indeed.com//rc/clk?jk=9e62175326af6afe&fccid=96717984c937c161&vjs=3,onli & must & experienc
0,ASIO Future Technologists Graduate Program - ACT,Australian Security Intelligence Organisation,CBD & Inner Suburbs,SEEK,data science,https://www.seek.com.au//job/35428231?type=standout&userqueryid=dd277dacbe196026c76952c136329fc6-2597630,must & year & citizen
4,CRM Functional,Avanade,Brisbane QLD,Indeed,programmer,https://au.indeed.com//rc/clk?jk=5e9f38fccfa43881&fccid=5386281035076fdf&vjs=3,year
3,Specialist Technical Computing Apps & GIS,BHP Billiton Group,CBD & Inner Suburbs,SEEK,software engineering,https://www.seek.com.au//job/35437364?type=standout&userqueryid=1e5b92765efcdbff4c0a8bc6def27df1-2585271,onli & right
3,Warehouse Coordinator,BayWa r.e. Solar Systems Pty Ltd,Southern Suburbs & Logan,SEEK,developer,https://www.seek.com.au//job/35484261?type=standout&userqueryid=e907361bbd2f1cd85fa93bb4a24fb26d-2641698,*No found
1,Architectural Graduate,Bespoke Careers,,SEEK,python,https://www.seek.com.au//job/35418820?type=standout&userqueryid=8a9e9534f4e8f5f6bd15933dd955d215-2668568,year
2,Software Tester,Boeing,"Brisbane, Queensland",Neuvoo,software engineering,https://au.neuvoo.com/job.php?id=u6q9ag78qu&lang=en&k=software+engineering,*No found
0,Lead Software Developer,Boeing,"Brisbane, Queensland",Neuvoo,part time developer,https://au.neuvoo.com/job.php?id=rkk0jtuhgj&lang=en&k=part+time+developer,*No found
0,Software Developer,Boeing,"Brisbane, Queensland",Neuvoo,developer,https://au.neuvoo.com/job.php?id=pg4cirgrxi&lang=en&k=developer,*No found
3,Software Engineer,Boeing Company,"Brisbane, Queensland",Neuvoo,python,https://au.neuvoo.com/job.php?id=mtspqm5mcp&lang=en&k=python,*No found
3,C++ Software Developer,Boeing Company,"Brisbane, Queensland",Neuvoo,part time developer,https://au.neuvoo.com/job.php?id=qdz9p7vuaw&lang=en&k=part+time+developer,*No found
3,Software Developers,Boeing Defence Australia,CBD & Inner Suburbs,SEEK,programmer,https://www.seek.com.au//job/35467688?type=standout&userqueryid=955cbf4ff5728a6628c6603cbb7b0648-2613376,must & citizen
1,Software Developer ,Boeing Defence Australia,,SEEK,programmer,https://www.seek.com.au//job/35493282?type=standout&userqueryid=955cbf4ff5728a6628c6603cbb7b0648-2611538,must & citizen
0,Software Tester ,Boeing Defence Australia,,SEEK,part time developer,https://www.seek.com.au//job/35493518?type=standout&userqueryid=a15640fd2308c82dd13dfea98ffcc24b-2701373,must & citizen
1,Software Engineers,Boeing RIV Site,Brisbane QLD,Indeed,python,https://au.indeed.com//rc/clk?jk=2004f2fbd36d10ff&fccid=edae4285faf6c2f0&vjs=3,must & citizen
0,Software Developer,Boeing RIV Site,Brisbane QLD,Indeed,developer,https://au.indeed.com//rc/clk?jk=2cd6cad8e8fc6e34&fccid=edae4285faf6c2f0,must & perman & citizen
0,Software Tester,Boeing RIV Site,Brisbane QLD,Indeed,developer,https://au.indeed.com//rc/clk?jk=1f16c69eab5c687d&fccid=edae4285faf6c2f0,must & perman & citizen
1,Project Engineer – Commercial,Boral Limited,"Brisbane, Queensland",Neuvoo,graduate developer,https://au.neuvoo.com/job.php?id=eiczckh67t&lang=en&k=graduate+developer,*Error 'charmap' codec can't encode character '\u2013' in position 27: character maps to <undefined>
3,Intermediate C# / Javascript Software Developer,Brightfox,CBD & Inner Suburbs,SEEK,part time developer,https://www.seek.com.au//job/35442845?type=standard&userqueryid=a15640fd2308c82dd13dfea98ffcc24b-2703933,right & year
1,New Home Sales Consultant | Killara Logan Village,Burbank Australia P/L,,SEEK,part time developer,https://www.seek.com.au//job/35486908?type=standout&userqueryid=a15640fd2308c82dd13dfea98ffcc24b-2702142,year
0,CNC / Saw Programmer/ Operator,CMG Stone,Southern Suburbs & Logan,SEEK,programmer,https://www.seek.com.au//job/35411896?type=promoted&userqueryid=955cbf4ff5728a6628c6603cbb7b0648-2610694,must & experienc & year
2,Programming Engineer,CSIRO,"Brisbane, Queensland",Neuvoo,data science,https://au.neuvoo.com/job.php?id=pwrvayicfd&lang=en&k=data+science,*No found
1,Sales Representative,Canterbury Sink and Tap,CBD & Inner Suburbs,SEEK,part time developer,https://www.seek.com.au//job/35480873?type=standout&userqueryid=a15640fd2308c82dd13dfea98ffcc24b-2702142,must & right & experienc & year
1,Service Now Developer/Administrator,Capital Talent Consulting Pty Ltd,CBD & Inner Suburbs,SEEK,developer,https://www.seek.com.au//job/35494188?type=standard&userqueryid=e907361bbd2f1cd85fa93bb4a24fb26d-2639949,*No found
3,Graduate Environmental/Geotechnical Engineer,Cardno Limited.,Queensland,Neuvoo,data science,https://au.neuvoo.com/job.php?id=9y6x3waxn3&lang=en&k=data+science,*No found
2,Civil Designer (Townsville),Cardno Limited.,Queensland,Neuvoo,software engineering,https://au.neuvoo.com/job.php?id=kikz4dmwwb&lang=en&k=software+engineering,*No found
0,Graduate/Junior/Mid PHP Developers // Gold Coast,CartonCloud,,SEEK,graduate developer,https://www.seek.com.au//job/35314233?type=standout&userqueryid=81f979cf648aa121bdf482c921459bd6-2690835,year & perman
2,Software Engineer ? Simulation Solutions,Chandler Macleod,"Brisbane, Queensland",Neuvoo,python,https://au.neuvoo.com/job.php?id=7s30teyvf2&lang=en&k=python,*No found
3,Business Intelligence and Data Warehousing (Developer),Chandler Macleod,"Brisbane, Queensland",Neuvoo,part time developer,https://au.neuvoo.com/job.php?id=8rdir67bjb&lang=en&k=part+time+developer,*No found
1,Software Engineer ? Simulation Solutions,Chandler Macleod Group,CBD & Inner Suburbs,SEEK,python,https://www.seek.com.au//job/35446908?type=standard&userqueryid=8a9e9534f4e8f5f6bd15933dd955d215-2668568,must & year & citizen
0,Statistical Programmer (Full Time),Clinical Network Services,Toowong QLD,Indeed,programmer,https://au.indeed.com//rc/clk?jk=7beed84fb749e628&fccid=043e2f13b2572f3f&vjs=3,experienc
2,DEVOPS ENGINEER,CloudTrek,Newstead QLD,Indeed,python,https://au.indeed.com//rc/clk?jk=764e5d5b1e010419&fccid=cca2c7270569e9ed&vjs=3,experienc
0,Junior Developer/Support,Coachwood Information Professionals P/L,CBD & Inner Suburbs,SEEK,graduate developer,https://www.seek.com.au//job/35337107?type=standard&userqueryid=81f979cf648aa121bdf482c921459bd6-2690835,must & year & perman
3,Project Engineer - Manufacturing Plant and machinery ,Connect Personnel P/L,Northern Suburbs,SEEK,developer,https://www.seek.com.au//job/35482408?type=standout&userqueryid=e907361bbd2f1cd85fa93bb4a24fb26d-2641698,year
3,"Cloud, Automation and DevOps Engineer",CoreLogic,CBD & Inner Suburbs,SEEK,python,https://www.seek.com.au//job/35278419?type=standard&userqueryid=8a9e9534f4e8f5f6bd15933dd955d215-2670144,ethic & year
3,Data Developer,CoreLogic,CBD & Inner Suburbs,SEEK,python,https://www.seek.com.au//job/35294666?type=standard&userqueryid=8a9e9534f4e8f5f6bd15933dd955d215-2670144,year
2,Clinical Research Associate (CRA2/SCRA),Covance,"Brisbane, Queensland",Neuvoo,data science,https://au.neuvoo.com/job.php?id=mqa42hkb2c&lang=en&k=data+science,*No found
2,Mechanical Engineer,Coventry Group Ltd,Queensland,Neuvoo,software engineering,https://au.neuvoo.com/job.php?id=rzaypgas4h&lang=en&k=software+engineering,*No found
2,Software Engineer,Dassault Systemes Australia Pty Ltd,CBD & Inner Suburbs,SEEK,developer,https://www.seek.com.au//job/35489112?type=standard&userqueryid=e907361bbd2f1cd85fa93bb4a24fb26d-2640822,year
2,Software Developer,Dassault Systèmes,Brisbane QLD,Indeed,developer,https://au.indeed.com//rc/clk?jk=74d344d9f0b2c910&fccid=29d37d43c382c8fe&vjs=3,*No found
2,Lead Data / Insights Analyst - Strategic role | Innovative Marketing Agency |,Data Talent Pty Ltd,CBD & Inner Suburbs,SEEK,python,https://www.seek.com.au//job/35364747?type=standard&userqueryid=8a9e9534f4e8f5f6bd15933dd955d215-2669417,experienc
1,Dynamics CRM Developer,Data#3 People Solutions,CBD & Inner Suburbs,SEEK,developer,https://www.seek.com.au//job/35494389?type=standard&userqueryid=e907361bbd2f1cd85fa93bb4a24fb26d-2639949,*No found
3,Onsite Desktop Support Engineer,Datacom,Brisbane QLD,Indeed,software engineering,https://au.indeed.com//rc/clk?jk=b4aa3d923a123145&fccid=3a563d9c403ac485,*No found
0,Network Engineer / Security Analyst,Datacom,Brisbane QLD,Indeed,software engineering,https://au.indeed.com//rc/clk?jk=b1f365c37b918090&fccid=3a563d9c403ac485,must
0,Network Engineer /Security Analyst,Datacom - NZ's largest home-grown professional IT services business,CBD & Inner Suburbs,SEEK,software engineering,https://www.seek.com.au//job/35496145?type=standout&userqueryid=1e5b92765efcdbff4c0a8bc6def27df1-2582807,must
3,Information Security Specialist,Datacom Systems QLD,"Brisbane, Queensland",Neuvoo,python,https://au.neuvoo.com/job.php?id=mh54xcdk6q&lang=en&k=python,*No found
1,Information Security Specialist,Datacom Workforce Solutions,CBD & Inner Suburbs,SEEK,python,https://www.seek.com.au//job/35454146?type=standard&userqueryid=8a9e9534f4e8f5f6bd15933dd955d215-2668568,year
0,Integration Developer - Java,Davidson,"Brisbane, Queensland",Neuvoo,part time developer,https://au.neuvoo.com/job.php?id=xb2p487kxu&lang=en&k=part+time+developer,*No found
3,Integration Architect - Rest API & SOAP,Davidson,"Brisbane, Queensland",Neuvoo,part time developer,https://au.neuvoo.com/job.php?id=59n94r8ihv&lang=en&k=part+time+developer,*No found
2,Structures Foreman - Northern NSW,Davidson,"Brisbane, Queensland",Neuvoo,part time developer,https://au.neuvoo.com/job.php?id=wu36p5gdi8&lang=en&k=part+time+developer,*No found
0,Web Application Developer,Davidson,Brisbane QLD,Indeed,developer,https://au.indeed.com//rc/clk?jk=b3ba5bd3283a8002&fccid=4acfd4464783b53d,onli & experienc
2,Data Governance Lead,Davidson,"Brisbane, Queensland",Neuvoo,part time developer,https://au.neuvoo.com/job.php?id=jaimcxg08s&lang=en&k=part+time+developer,*No found
1,Java Developer - J2EE - Permanent role,Davidson,Brisbane QLD,Indeed,developer,https://au.indeed.com//rc/clk?jk=f30c2a800fb83b13&fccid=4acfd4464783b53d&vjs=3,onli & must & visa & perman
0,Java Developer - Microservices - Gold Coast,Davidson,Brisbane QLD,Indeed,developer,https://au.indeed.com//rc/clk?jk=7c6bc08f870b3248&fccid=4acfd4464783b53d,onli & year
2,Java Developer - J2EE - Permanent role ,Davidson Technology,,SEEK,developer,https://www.seek.com.au//job/35488460?type=standard&userqueryid=e907361bbd2f1cd85fa93bb4a24fb26d-2640822,onli & must & visa & perman
2,Java Developer - Microservices,Davidson Technology,Southern Suburbs & Logan,SEEK,developer,https://www.seek.com.au//job/35488992?type=standout&userqueryid=e907361bbd2f1cd85fa93bb4a24fb26d-2640822,year
2,Web Application Developer,Davidson Technology,CBD & Inner Suburbs,SEEK,developer,https://www.seek.com.au//job/35490063?type=standard&userqueryid=e907361bbd2f1cd85fa93bb4a24fb26d-2640822,experienc
3,Assistant Building Designer - ArchiCAD,Deacon Recruitment,,SEEK,part time developer,https://www.seek.com.au//job/35428603?type=standard&userqueryid=a15640fd2308c82dd13dfea98ffcc24b-2703933,year
2,Deloitte Access Economics,Deloitte,"Brisbane, Queensland",Neuvoo,data science,https://au.neuvoo.com/job.php?id=265anj3ubv&lang=en&k=data+science,*No found
0,AEM Developer,Deloitte,"Brisbane, Queensland",Neuvoo,developer,https://au.neuvoo.com/job.php?id=jjt8n8g09c&lang=en&k=developer,*No found
1,Data & Analytics Executive,Dentsu Aegis Network,"Brisbane, Queensland",Neuvoo,python,https://au.neuvoo.com/job.php?id=ja5bnuvjvi&lang=en&k=python,*No found
0,Junior Contract Administrator ,Design & Construct,Northern Suburbs,SEEK,developer,https://www.seek.com.au//job/35499579?type=standout&userqueryid=e907361bbd2f1cd85fa93bb4a24fb26d-2639056,ethic & year
3,SAP ABAP / Ui5 Consultants,Dialog IT,CBD & Inner Suburbs,SEEK,programmer,https://www.seek.com.au//job/35474642?type=standout&userqueryid=955cbf4ff5728a6628c6603cbb7b0648-2613376,experienc & year & resid & perman & citizen
3,SAP ABAP / Ui5 Consultants,Dialog Information Technology,"Brisbane, Queensland",Neuvoo,developer,https://au.neuvoo.com/job.php?id=vqay6r5wsq&lang=en&k=developer,*No found
2,Website Developer & Digital Marketing Support Coordinator - Web Client Services,Digital Dealer,,SEEK,developer,https://www.seek.com.au//job/35340255?type=promoted&userqueryid=e907361bbd2f1cd85fa93bb4a24fb26d-2640822,right & year
3,PHP Developer,Digital Native,CBD & Inner Suburbs,SEEK,part time developer,https://www.seek.com.au//job/35437294?type=standard&userqueryid=a15640fd2308c82dd13dfea98ffcc24b-2703933,right
0,Web Design/Developer - Expressions of Interest,Digital8,"South Brisbane, Queensland",Neuvoo,developer,https://au.neuvoo.com/job.php?id=4rdfsiishd&lang=en&k=developer,*No found
3,Level 3 SCCM / Applications Packager,Dimension Data,CBD & Inner Suburbs,SEEK,software engineering,https://www.seek.com.au//job/35454952?type=standard&userqueryid=1e5b92765efcdbff4c0a8bc6def27df1-2585271,*No found
2,"HEALTH, SAFETY, ENVIRONMENT & QUALITY (HSEQ) ADVISOR",Dormway Pty Ltd,,SEEK,part time developer,https://www.seek.com.au//job/35468074?type=standout&userqueryid=a15640fd2308c82dd13dfea98ffcc24b-2703112,experienc & year
0,Civil 12D Designer - $97 – 88K - Priorities in line?,ENGINEERJOBS.com.au,CBD & Inner Suburbs,SEEK,developer,https://www.seek.com.au//job/35496207?type=standout&userqueryid=e907361bbd2f1cd85fa93bb4a24fb26d-2639056,*Error 'charmap' codec can't encode character '\u2013' in position 35: character maps to <undefined>
2,Environmental Scientist – Fixed Term Contract Position Brisbane,ERM,"Brisbane, Queensland",Neuvoo,data science,https://au.neuvoo.com/job.php?id=5g2bqtp6dy&lang=en&k=data+science,*Error 'charmap' codec can't encode character '\u2013' in position 34: character maps to <undefined>
4,"Software Developer, Valuation & Business Modelling - Brisban...",EY,Brisbane QLD,Indeed,python,https://au.indeed.com//rc/clk?jk=0730c86aaf216bab&fccid=1544766d4c2915b0,onli & must & right & year
1,Principal Insights and Intelligence Analyst,Eden Ritchie Recruitment,CBD & Inner Suburbs,SEEK,data science,https://www.seek.com.au//job/35340749?type=standard&userqueryid=dd277dacbe196026c76952c136329fc6-2598418,*No found
1,C# / C++ Developer - Robotics & Control Systems,Edison Talent,CBD & Inner Suburbs,SEEK,data science,https://www.seek.com.au//job/35351639?type=standout&userqueryid=dd277dacbe196026c76952c136329fc6-2598418,*No found
0,Software Development Engineer,Egencia,"Brisbane, Queensland",Neuvoo,software engineering,https://au.neuvoo.com/job.php?id=4gr2x9v9wd&lang=en&k=software+engineering,*No found
3,Internship â€“ Brisbane â€“ Associate Software Development Engineer Intern 2018,Egencia,"Brisbane, Queensland",Neuvoo,data science,https://au.neuvoo.com/job.php?id=k8csry3amk&lang=en&k=data+science,*Error 'charmap' codec can't encode characters in position 22-23: character maps to <undefined>
2,Lead Mobile Application Developer,Embedded Search & Selection,CBD & Inner Suburbs,SEEK,part time developer,https://www.seek.com.au//job/35447370?type=standard&userqueryid=a15640fd2308c82dd13dfea98ffcc24b-2703112,experienc
3,Consultants / Developers - Data Analytics | Big Data | Machi...,Employsoft Pty Ltd,Brisbane QLD,Indeed,python,https://au.indeed.com//rc/clk?jk=b7f0a82d27d5404d&fccid=3dc076e966d568df,year
0,Organisational Change Management Lead,Endeavour Foundation,Bayside & Eastern Suburbs,SEEK,part time developer,https://www.seek.com.au//job/35495541?type=standard&userqueryid=a15640fd2308c82dd13dfea98ffcc24b-2701373,right
1,Software Developer (Delphi/ C#),Exactal Technologies Pty Ltd,CBD & Inner Suburbs,SEEK,part time developer,https://www.seek.com.au//job/35480950?type=standout&userqueryid=a15640fd2308c82dd13dfea98ffcc24b-2702142,onli & must & experienc & year
2,Technical Lead - API Gateway ,Exclaim IT,CBD & Inner Suburbs,SEEK,programmer,https://www.seek.com.au//job/35477163?type=standard&userqueryid=955cbf4ff5728a6628c6603cbb7b0648-2612293,*No found
3,Full Stack Javascript Developer,Exclaim IT,CBD & Inner Suburbs,SEEK,programmer,https://www.seek.com.au//job/35466513?type=standard&userqueryid=955cbf4ff5728a6628c6603cbb7b0648-2613376,*No found
3,Nodejs Developer,Exclaim IT,CBD & Inner Suburbs,SEEK,programmer,https://www.seek.com.au//job/35467267?type=standard&userqueryid=955cbf4ff5728a6628c6603cbb7b0648-2613376,*No found
1,.NET Developer,Exclaim IT,CBD & Inner Suburbs,SEEK,programmer,https://www.seek.com.au//job/35487652?type=standard&userqueryid=955cbf4ff5728a6628c6603cbb7b0648-2611538,perman
0,Data Scientist,Exclaim IT,CBD & Inner Suburbs,SEEK,data science,https://www.seek.com.au//job/35480958?type=standard&userqueryid=dd277dacbe196026c76952c136329fc6-2597630,must & year
0,Data Analyst,Exclaim IT,CBD & Inner Suburbs,SEEK,data science,https://www.seek.com.au//job/35481074?type=standard&userqueryid=dd277dacbe196026c76952c136329fc6-2597630,must & year
0,Solutions Architect,Exclaim IT,CBD & Inner Suburbs,SEEK,developer,https://www.seek.com.au//job/35499820?type=standard&userqueryid=e907361bbd2f1cd85fa93bb4a24fb26d-2639056,experienc
1,Lead iOS Developer,Exclaim IT,CBD & Inner Suburbs,SEEK,developer,https://www.seek.com.au//job/35494002?type=standard&userqueryid=e907361bbd2f1cd85fa93bb4a24fb26d-2639949,experienc
2,.NET Developer,Exclaim IT Pty Ltd,Brisbane Central Business District QLD,Indeed,developer,https://au.indeed.com//rc/clk?jk=77419b8c70d67676&fccid=f2f45b74dd248f1d&vjs=3,perman
0,Data Scientist,Exclaim IT Pty Ltd,Brisbane Central Business District QLD,Indeed,python,https://au.indeed.com//rc/clk?jk=fbd0a4a0ff7bce25&fccid=f2f45b74dd248f1d,must & year & perman
0,Data Analyst,Exclaim IT Pty Ltd,Brisbane Central Business District QLD,Indeed,data science,https://au.indeed.com//rc/clk?jk=760859692875972a&fccid=f2f45b74dd248f1d,must & year & perman
1,Software Engineer,Exelis,"Brisbane, Queensland",Neuvoo,software engineering,https://au.neuvoo.com/job.php?id=unepei23xx&lang=en&k=software+engineering,*No found
2,Internship â€“ Brisbane â€“ Associate Software Development Engineer Intern 2018,"Expedia, Inc","Brisbane, Queensland",Neuvoo,data science,https://au.neuvoo.com/job.php?id=a46tnbywxk&lang=en&k=data+science,*Error 'charmap' codec can't encode characters in position 22-23: character maps to <undefined>
2,Software Development Engineer,"Expedia, Inc","Brisbane, Queensland",Neuvoo,software engineering,https://au.neuvoo.com/job.php?id=55qss2de7p&lang=en&k=software+engineering,*No found
1,Field Engineer - PC Technician - Brisbane - asap!,Experis,Bayside & Eastern Suburbs,SEEK,software engineering,https://www.seek.com.au//job/35481110?type=standard&userqueryid=1e5b92765efcdbff4c0a8bc6def27df1-2583778,*No found
2,Business Development - Commercial Furniture,FDB Commercial,,SEEK,part time developer,https://www.seek.com.au//job/35447112?type=standout&userqueryid=a15640fd2308c82dd13dfea98ffcc24b-2703112,must
1,x2 SAP Fiori Developers - Brisbane,FGT Recruitment,CBD & Inner Suburbs,SEEK,developer,https://www.seek.com.au//job/35493867?type=standard&userqueryid=e907361bbd2f1cd85fa93bb4a24fb26d-2639949,must & right & year
1,Sessional Teaching Opportunities,Federation University Australia,CBD & Inner Suburbs,SEEK,software engineering,https://www.seek.com.au//job/35486880?type=standard&userqueryid=1e5b92765efcdbff4c0a8bc6def27df1-2583778,experienc
1,Sessional Teaching,Federation University Australia,Brisbane QLD,Indeed,software engineering,https://au.indeed.com//rc/clk?jk=45763dc8af89e5a7&fccid=dd1404c2db7d1970&vjs=3,*No found
0,Software Developer,Finite IT,Brisbane QLD,Indeed,developer,https://au.indeed.com//rc/clk?jk=6685341cf93926d9&fccid=8ea6dbf86d77fd6e,*No found
0,Developer,Finite IT,Brisbane QLD,Indeed,developer,https://au.indeed.com//rc/clk?jk=81ed92d836667369&fccid=8ea6dbf86d77fd6e,onli & right & perman
2,Windows Server Administrator,Finite IT,Brisbane QLD,Indeed,python,https://au.indeed.com//rc/clk?jk=cae24fc338c7210d&fccid=8ea6dbf86d77fd6e&vjs=3,*No found
1,Windows Server Administrator,Finite IT Recruitment Solutions,CBD & Inner Suburbs,SEEK,python,https://www.seek.com.au//job/35432206?type=standard&userqueryid=8a9e9534f4e8f5f6bd15933dd955d215-2668568,*No found
1,Software Developer,Finite IT Recruitment Solutions,,SEEK,programmer,https://www.seek.com.au//job/35488951?type=standard&userqueryid=955cbf4ff5728a6628c6603cbb7b0648-2611538,*No found
1,Developer ,Finite IT Recruitment Solutions,CBD & Inner Suburbs,SEEK,developer,https://www.seek.com.au//job/35494628?type=standard&userqueryid=e907361bbd2f1cd85fa93bb4a24fb26d-2639949,right
3,Full Stack PHP Developer ,Finite IT Recruitment Solutions,CBD & Inner Suburbs,SEEK,software engineering,https://www.seek.com.au//job/35445278?type=standard&userqueryid=1e5b92765efcdbff4c0a8bc6def27df1-2585271,must & right & experienc
2,Application Support Officer ,Finite IT Recruitment Solutions,CBD & Inner Suburbs,SEEK,part time developer,https://www.seek.com.au//job/35455237?type=standard&userqueryid=a15640fd2308c82dd13dfea98ffcc24b-2703112,*No found
3,Digital Technical Business Analyst,Flight Centre Travel Group,Queensland,Neuvoo,developer,https://au.neuvoo.com/job.php?id=bvjkdn3ezt&lang=en&k=developer,*No found
3,Teacher Jobs in the UAE - Interviews Coming up!,Footprints Recruiting,Brisbane QLD,Indeed,python,https://au.indeed.com//rc/clk?jk=3f5fe2585378ed71&fccid=0f0b6e00b30ac536,must & visa & experienc & year & resid
2,Teacher Jobs,Footprints Recruiting,"Brisbane, Queensland",Neuvoo,python,https://au.neuvoo.com/job.php?id=4jh6xf7vh2&lang=en&k=python,*No found
0,Angular J S Developers,Fujitsu Australia Limited,CBD & Inner Suburbs,SEEK,developer,https://www.seek.com.au//job/35498647?type=standard&userqueryid=e907361bbd2f1cd85fa93bb4a24fb26d-2639056,*No found
2,Estimator/Programmer,GFG Alliance Australia,"Brisbane, Queensland",Neuvoo,programmer,https://au.neuvoo.com/job.php?id=6w56mj8d75&lang=en&k=programmer,*No found
2,Native iOS/Android Developer,GRIT Talent Consulting,CBD & Inner Suburbs,SEEK,programmer,https://www.seek.com.au//job/35474699?type=standout&userqueryid=955cbf4ff5728a6628c6603cbb7b0648-2612293,*No found
0,Game Designer,Gameloft,"Brisbane, Queensland",Neuvoo,programmer,https://au.neuvoo.com/job.php?id=8ccgri6dnn&lang=en&k=programmer,*No found
4,Build Engineer,Gameloft,Brisbane QLD,Indeed,programmer,https://au.indeed.com//rc/clk?jk=d79d4c9b69d2fb89&fccid=7e0d9a513baca44d&vjs=3,onli
0,Lead Software & Systems Engineer - CAS,General Electric Company,"Brisbane, Queensland",Neuvoo,software engineering,https://au.neuvoo.com/job.php?id=g6qci5kxhs&lang=en&k=software+engineering,*No found
2,CT Applications Specialist,General Electric Company,Queensland,Neuvoo,data science,https://au.neuvoo.com/job.php?id=0arbvfyhuv&lang=en&k=data+science,*No found
2,Geotechnical Engineer,Glencore,"Brisbane, Queensland",Neuvoo,software engineering,https://au.neuvoo.com/job.php?id=m3gwj9t6uv&lang=en&k=software+engineering,*No found
3,Market Research Consultant,GlobalData Plc.,"Kingston, Queensland",Neuvoo,data science,https://au.neuvoo.com/job.php?id=jbt8z5jqq2&lang=en&k=data+science,*No found
2,Junior Sharepoint Developer,Green Light Australia Pty Ltd,,SEEK,programmer,https://www.seek.com.au//job/35476972?type=standard&userqueryid=955cbf4ff5728a6628c6603cbb7b0648-2612293,year
2,Full Stack .Net Developer,Greenleaf Enterprises,CBD & Inner Suburbs,SEEK,part time developer,https://www.seek.com.au//job/35455441?type=standout&userqueryid=a15640fd2308c82dd13dfea98ffcc24b-2703112,must & right & experienc & year & resid & perman
0,"Snr Lecturers, Bus. IS/Comp. Science/Network or Cyber Security",Griffith University,Southern Suburbs & Logan,SEEK,software engineering,https://www.seek.com.au//job/35498201?type=standard&userqueryid=1e5b92765efcdbff4c0a8bc6def27df1-2582807,must
2,Development Professional -Land (Private Developer),Grow Recruitment,Southern Suburbs & Logan,SEEK,developer,https://www.seek.com.au//job/35490159?type=standard&userqueryid=e907361bbd2f1cd85fa93bb4a24fb26d-2640822,*No found
0,Graduate Software Engineer,HAYS,"Brisbane, Queensland",Neuvoo,graduate developer,https://au.neuvoo.com/job.php?id=9yg0tbf359&lang=en&k=graduate+developer,*No found
3,Software Engineer,Hallis,CBD & Inner Suburbs,SEEK,software engineering,https://www.seek.com.au//job/35445246?type=standout&userqueryid=1e5b92765efcdbff4c0a8bc6def27df1-2585271,*No found
4,Software Engineer,Harris Communications Australia,Brisbane QLD,Indeed,software engineering,https://au.indeed.com//company/Harris-Communications-Australia/jobs/Software-Engineer-b9ea416c1e8a6c49?fccid=9aae546918f9b172&vjs=3,onli & must & citizen
0,Software Engineer,Harris Corporation,"Brisbane, Queensland",Neuvoo,software engineering,https://au.neuvoo.com/job.php?id=cb9ppfv70q&lang=en&k=software+engineering,*No found
2,Junior Software & Systems Engineer,Hatch Pty Ltd,CBD & Inner Suburbs,SEEK,software engineering,https://www.seek.com.au//job/35470788?type=standard&userqueryid=1e5b92765efcdbff4c0a8bc6def27df1-2584516,*No found
0,Junior Contract Administrator,Hays,"Brisbane, Queensland",Neuvoo,graduate developer,https://au.neuvoo.com/job.php?id=h9z05dauht&lang=en&k=graduate+developer,*No found
1,ServiceNow Administrator / Developer,Hays,Brisbane Central Business District QLD,Indeed,developer,https://au.indeed.com//rc/clk?jk=2a70fae3d6881d35&fccid=31670bef3ae6497b&vjs=3,*No found
1,ServiceNow Administrator / Developer,Hays Information Technology,,SEEK,programmer,https://www.seek.com.au//job/35493458?type=standout&userqueryid=955cbf4ff5728a6628c6603cbb7b0648-2611538,right & experienc
2,"Software Engineer (C#, .Net)",Hays Information Technology,,SEEK,software engineering,https://www.seek.com.au//job/35457763?type=standout&userqueryid=1e5b92765efcdbff4c0a8bc6def27df1-2584516,right
1,MAINTENANCE SUPPORT DATA ANALYST,Hays Talent Solutions,CBD & Inner Suburbs,SEEK,python,https://www.seek.com.au//job/35436965?type=standout&userqueryid=8a9e9534f4e8f5f6bd15933dd955d215-2668568,*No found
0,Clinical Research Study Coordinator/Assistant,HealthBuzz,Queensland,Neuvoo,data science,https://au.neuvoo.com/job.php?id=dq874n66dc&lang=en&k=data+science,*No found
3,RUBY ON RAILS DEVELOPER,Herron Todd White,CBD & Inner Suburbs,SEEK,part time developer,https://www.seek.com.au//job/35439531?type=standout&userqueryid=a15640fd2308c82dd13dfea98ffcc24b-2703933,year
0,Sitecore - Full Stack .Net Developer,Hudson,CBD & Inner Suburbs,SEEK,software engineering,https://www.seek.com.au//job/35491149?type=standout&userqueryid=1e5b92765efcdbff4c0a8bc6def27df1-2582807,must & resid & perman
0,2 X Graduate roles - Exciting opportunity,Hudson,"Brisbane, Queensland",Neuvoo,graduate developer,https://au.neuvoo.com/job.php?id=0chmp07ha5&lang=en&k=graduate+developer,*No found
1,Lead PHP Developer,Hudson,Queensland,Neuvoo,part time developer,https://au.neuvoo.com/job.php?id=y0n8anm2km&lang=en&k=part+time+developer,*No found
0,Business Intelligence (BI) Analyst Programmer,Hudson,Queensland,Neuvoo,programmer,https://au.neuvoo.com/job.php?id=sj9rx5usqi&lang=en&k=programmer,*No found
3,Data Scientist,Hudson,Brisbane QLD,Indeed,python,https://au.indeed.com//rc/clk?jk=66212a354444e199&fccid=431d2ca6de573e38,onli & must & right & year & perman
2,Quantitative Analyst,Hudson,CBD & Inner Suburbs,SEEK,python,https://www.seek.com.au//job/35360709?type=standout&userqueryid=8a9e9534f4e8f5f6bd15933dd955d215-2669417,onli & year
1,TM1 Developer,Huxley,"Brisbane, Queensland",Neuvoo,developer,https://au.neuvoo.com/job.php?id=zaiqjevvbt&lang=en&k=developer,*No found
3,API Software engineer,Huxley Associates,CBD & Inner Suburbs,SEEK,software engineering,https://www.seek.com.au//job/35437028?type=standard&userqueryid=1e5b92765efcdbff4c0a8bc6def27df1-2585271,experienc & year
2,Technical lead,Huxley Associates,CBD & Inner Suburbs,SEEK,programmer,https://www.seek.com.au//job/35480805?type=standard&userqueryid=955cbf4ff5728a6628c6603cbb7b0648-2612293,experienc & year
2,Veterinary Laboratory Assistant,IDEXX Laboratories,"East Brisbane, Queensland",Neuvoo,data science,https://au.neuvoo.com/job.php?id=pjpdcjmd6e&lang=en&k=data+science,*No found
1,Technical Support and Application Engineer,IDS AUSTRALASIA,Brisbane QLD,Indeed,software engineering,https://au.indeed.com//company/IDS-AUSTRALASIA/jobs/Technical-Support-Application-Engineer-b2a86a1e8e265711?fccid=516f69942856f9f3&vjs=3,must & year & citizen
2,Python Developer,INTELICS Pty Ltd,CBD & Inner Suburbs,SEEK,python,https://www.seek.com.au//job/35413536?type=standard&userqueryid=8a9e9534f4e8f5f6bd15933dd955d215-2669417,experienc
2,Automation Engineer,IPA,CBD & Inner Suburbs,SEEK,software engineering,https://www.seek.com.au//job/35462495?type=standout&userqueryid=1e5b92765efcdbff4c0a8bc6def27df1-2584516,*No found
3,iOS and Android React Native Mobile Developer,Ice Media,CBD & Inner Suburbs,SEEK,programmer,https://www.seek.com.au//job/35227893?type=standout&userqueryid=955cbf4ff5728a6628c6603cbb7b0648-2613376,experienc & year & resid & perman & citizen
3,Software Engineer,Ice Media,CBD & Inner Suburbs,SEEK,programmer,https://www.seek.com.au//job/35227776?type=standout&userqueryid=955cbf4ff5728a6628c6603cbb7b0648-2613376,must & year & resid & perman & citizen
2,DevOps / Integration Engineer,Ignite,CBD & Inner Suburbs,SEEK,programmer,https://www.seek.com.au//job/35475677?type=standout&userqueryid=955cbf4ff5728a6628c6603cbb7b0648-2612293,*No found
2,Technical Team Lead,Ignite,CBD & Inner Suburbs,SEEK,developer,https://www.seek.com.au//job/35488490?type=standout&userqueryid=e907361bbd2f1cd85fa93bb4a24fb26d-2640822,*No found
2,"Consultant, Software Engineer",Ignite Specialist Recruitment Services,Brisbane QLD,Indeed,software engineering,https://au.indeed.com//rc/clk?jk=a471a2d8adfcbd87&fccid=457bdd0d549a3149&vjs=3,*No found
1,Cabinet Marker,Image Cabinets,Brisbane QLD,Indeed,developer,https://au.indeed.com//company/Image-Cabinets/jobs/Cabinet-Marker-cf525d752edbe9f2?fccid=c9e3969e615e2e57&vjs=3,ethic
1,Quality Assurance Specialist,Immersaview,CBD & Inner Suburbs,SEEK,python,https://www.seek.com.au//job/35414897?type=standout&userqueryid=8a9e9534f4e8f5f6bd15933dd955d215-2668568,ethic & year
0,Analyst Programmer,Infoware Services,Hendra QLD,Indeed,programmer,https://au.indeed.com//rc/clk?jk=44b61444a57689fd&fccid=ffaf05ae22b21f0f&vjs=3,must
1,Graduate Programmers,Infoware Services,Hendra QLD,Indeed,programmer,https://au.indeed.com//rc/clk?jk=34ca2841f4a1ef4a&fccid=ffaf05ae22b21f0f,must & experienc & year
0,HTML Developer,Intelligent Pathways,CBD & Inner Suburbs,SEEK,graduate developer,https://www.seek.com.au//job/35328536?type=standard&userqueryid=81f979cf648aa121bdf482c921459bd6-2690835,onli & must & right
4,Cyber Security Consultant - Brisbane or Melbourne,Interactive,Brisbane QLD,Indeed,python,https://au.indeed.com//rc/clk?jk=aaf2f491808e0306&fccid=b7b340e3b447ac0d,*No found
3,Cyber Security Consultant - Brisbane or Melbourne,Interactive Pty Ltd,Southern Suburbs & Logan,SEEK,python,https://www.seek.com.au//job/35332440?type=standard&userqueryid=8a9e9534f4e8f5f6bd15933dd955d215-2670144,*No found
2,Lead Developer,Interpro - QLD,CBD & Inner Suburbs,SEEK,software engineering,https://www.seek.com.au//job/35461794?type=standard&userqueryid=1e5b92765efcdbff4c0a8bc6def27df1-2584516,must & right & year
1,Full Stack Developer (PHP),Interpro - QLD,CBD & Inner Suburbs,SEEK,software engineering,https://www.seek.com.au//job/35483935?type=standard&userqueryid=1e5b92765efcdbff4c0a8bc6def27df1-2583778,must & right
3,Front End Developer,Interpro - QLD,CBD & Inner Suburbs,SEEK,developer,https://www.seek.com.au//job/35482143?type=standard&userqueryid=e907361bbd2f1cd85fa93bb4a24fb26d-2641698,experienc
2,"Full Stack Developer (React, PHP)",Interpro - QLD,CBD & Inner Suburbs,SEEK,software engineering,https://www.seek.com.au//job/35461321?type=standard&userqueryid=1e5b92765efcdbff4c0a8bc6def27df1-2584516,must & right
2,Graduate C#.Net Programmer,Ironbark,Eight Mile Plains QLD,Indeed,programmer,https://au.indeed.com//rc/clk?jk=40d85cb326864ac5&fccid=e646dd343e21f073,must & right
0,Graduate Applications Developer,J1 LED,Southern Suburbs & Logan,SEEK,graduate developer,https://www.seek.com.au//job/35294517?type=standard&userqueryid=81f979cf648aa121bdf482c921459bd6-2690835,onli & experienc & year
2,Property Management Assistant,JSF Property Management,CBD & Inner Suburbs,SEEK,part time developer,https://www.seek.com.au//job/35464656?type=standout&userqueryid=a15640fd2308c82dd13dfea98ffcc24b-2703112,must
0,Quality Assurance Engineer,JUMBO CORPORATION LIMITED,"Toowong, Queensland",Neuvoo,programmer,https://au.neuvoo.com/job.php?id=kmqzadnw3v&lang=en&k=programmer,*No found
1,Junior Contract Administrator,JobServe Ltd,"Brisbane, Queensland",Neuvoo,graduate developer,https://au.neuvoo.com/job.php?id=enwk354te5&lang=en&k=graduate+developer,*No found
3,Full Time Receptionist - Property Development,JobServe Ltd,"Brisbane, Queensland",Neuvoo,part time developer,https://au.neuvoo.com/job.php?id=zkpnwaq3zm&lang=en&k=part+time+developer,*No found
0,Quality Assurance Engineer,Jumbo Interactive,Brisbane QLD,Indeed,programmer,https://au.indeed.com//rc/clk?jk=aa2f333598811e24&fccid=39834616c088a431&vjs=3,right & year
1,Quality Assurance Engineer (QA Engineer),Jumbo Interactive Ltd,CBD & Inner Suburbs,SEEK,programmer,https://www.seek.com.au//job/35489798?type=standout&userqueryid=955cbf4ff5728a6628c6603cbb7b0648-2611538,right & year
0,Functional Programmer,Just Digital People,Brisbane QLD,Indeed,programmer,https://au.indeed.com//rc/clk?jk=fc273aed8f8781c9&fccid=a7700731b3d1495c&vjs=3,*No found
4,.NET Software Lead,Just Digital People,Brisbane QLD,Indeed,software engineering,https://au.indeed.com//rc/clk?jk=8ea5d519c806399e&fccid=a7700731b3d1495c&vjs=3,year
4,Intermediate JavaScript Developer,Just Digital People,Brisbane QLD,Indeed,software engineering,https://au.indeed.com//rc/clk?jk=f8275f5330ae9f0f&fccid=a7700731b3d1495c&vjs=3,*No found
0,Front End Developer | Open to sponsorship!,Just Digital People,CBD & Inner Suburbs,SEEK,developer,https://www.seek.com.au//job/35499353?type=standard&userqueryid=e907361bbd2f1cd85fa93bb4a24fb26d-2639056,must & year
1,"PHP Programmer - $145,000+",Just Digital People,Brisbane QLD,Indeed,programmer,https://au.indeed.com//rc/clk?jk=1cac825ebdfa8986&fccid=a7700731b3d1495c,onli & year
4,Intermediate C# Developer,Just Digital People,Brisbane QLD,Indeed,software engineering,https://au.indeed.com//rc/clk?jk=4b0632aab8dc44b7&fccid=a7700731b3d1495c&vjs=3,year
3,SQL Developer,Kaelus Pty Ltd,CBD & Inner Suburbs,SEEK,developer,https://www.seek.com.au//job/35396526?type=promoted&userqueryid=e907361bbd2f1cd85fa93bb4a24fb26d-2641698,*No found
3,Web Analytics Developer,Ladbrokes Australia,CBD & Inner Suburbs,SEEK,part time developer,https://www.seek.com.au//job/35431371?type=standout&userqueryid=a15640fd2308c82dd13dfea98ffcc24b-2703933,must & ethic & experienc & year
3,Technical Tester,Latitude Fintech Private Limited,CBD & Inner Suburbs,SEEK,python,https://www.seek.com.au//job/35300388?type=standard&userqueryid=8a9e9534f4e8f5f6bd15933dd955d215-2670144,year
4,Commercial Litigation Lawyers Needed! 1 Year PAE to SA Level,Law Staff,Brisbane QLD,Indeed,developer,https://au.indeed.com//rc/clk?jk=669df15e89551bfe&fccid=a849c1376631c939,onli & must & right & year & perman & pr
1,Mechanical Engineer,Lever (Aust),CBD & Inner Suburbs,SEEK,software engineering,https://www.seek.com.au//job/35483417?type=standout&userqueryid=1e5b92765efcdbff4c0a8bc6def27df1-2583778,year & perman
1,Estimator/Programmer,Liberty OneSteel,Queensland,Neuvoo,programmer,https://au.neuvoo.com/job.php?id=4xerjghd8d&lang=en&k=programmer,*No found
2,Clinician- Multisystemic Therapy. Permanent - Springwood,Life Without Barriers,Southern Suburbs & Logan,SEEK,part time developer,https://www.seek.com.au//job/35455000?type=standout&userqueryid=a15640fd2308c82dd13dfea98ffcc24b-2703112,year
3,Head of Analytics & Market Insights,Lomas Executive Pty Ltd,CBD & Inner Suburbs,SEEK,python,https://www.seek.com.au//job/35275029?type=standard&userqueryid=8a9e9534f4e8f5f6bd15933dd955d215-2670144,onli & must & right & experienc
3,"Full Stack Developer | Angular, Node.js, Python",M&T Resources,Northern Suburbs,SEEK,python,https://www.seek.com.au//job/35308638?type=standout&userqueryid=8a9e9534f4e8f5f6bd15933dd955d215-2670144,right & year
1,Full Stack Developer (MEAN Stack),M&T Resources,CBD & Inner Suburbs,SEEK,programmer,https://www.seek.com.au//job/35486615?type=standout&userqueryid=955cbf4ff5728a6628c6603cbb7b0648-2611538,right & year
1,Database Administrator,MAX Solutions,Eight Mile Plains QLD,Indeed,programmer,https://au.indeed.com//rc/clk?jk=be5bd511a9b731e5&fccid=7d18c5d7e81ecc13,right & year & perman
1,Intermediate PHP/Laravel Developer,MMM Recruiting,CBD & Inner Suburbs,SEEK,python,https://www.seek.com.au//job/35440891?type=standard&userqueryid=8a9e9534f4e8f5f6bd15933dd955d215-2668568,ethic & year
3,Graduate Software Developer,Majer Recruitment -Australia’s Favourite  Recruiter 3yrs running - SEEK LEGEND,CBD & Inner Suburbs,SEEK,developer,https://www.seek.com.au//job/35487120?type=standout&userqueryid=e907361bbd2f1cd85fa93bb4a24fb26d-2641698,*Error 'charmap' codec can't encode character '\u2019' in position 69: character maps to <undefined>
3,Software Engineer,Mansell Taylor Consulting,CBD & Inner Suburbs,SEEK,software engineering,https://www.seek.com.au//job/35437639?type=standard&userqueryid=1e5b92765efcdbff4c0a8bc6def27df1-2585271,experienc & year
1,CNC Operator / Programmer,Marble Expert Recruitment,Brisbane QLD,Indeed,programmer,https://au.indeed.com//rc/clk?jk=cb4f0bdee70ed718&fccid=143eb6fa16bed780,onli & must & right & year & perman
2,"Consultant, Software Engineering",MasterCard,Brisbane QLD,Indeed,software engineering,https://au.indeed.com//rc/clk?jk=020c4d609552ac44&fccid=10b5c722d846df43&vjs=3,experienc
2,"Consultant, Business Analyst",MasterCard,Brisbane QLD,Indeed,software engineering,https://au.indeed.com//rc/clk?jk=48b68a9ff0a0fee5&fccid=10b5c722d846df43&vjs=3,*No found
0,Research Assistant,Mater,"Brisbane, Queensland",Neuvoo,data science,https://au.neuvoo.com/job.php?id=yfr3sfr0ad&lang=en&k=data+science,*No found
0,Analyst Programmer,McCullough Robertson,"Brisbane, Queensland",Neuvoo,programmer,https://au.neuvoo.com/job.php?id=av25jj3ke2&lang=en&k=programmer,*No found
3,"DevOps Engineer, Linux - Join Australia's Leading Digital Service Provider",Melbourne IT,CBD & Inner Suburbs,SEEK,python,https://www.seek.com.au//job/35337042?type=standout&userqueryid=8a9e9534f4e8f5f6bd15933dd955d215-2670144,year
3,Test Analyst - Mobile Apps,Melbourne IT,Brisbane QLD,Indeed,python,https://au.indeed.com//rc/clk?jk=c8cd95f12bef8933&fccid=bd38435133c19ed2,must & right & experienc & year & resid & perman
3,Test Analyst - Mobile Apps,Melbourne IT Group,Brisbane QLD,Indeed,python,https://au.indeed.com//rc/clk?jk=5ed5eaa20fb2794c&fccid=d05c1c8774628397,must & right & experienc & year & resid & perman
2,New Home Advisor,Metricon,"Brisbane, Queensland",Neuvoo,developer,https://au.neuvoo.com/job.php?id=ipr7juztcn&lang=en&k=developer,*No found
2,Systems Engineer,Michael Page,Queensland,Neuvoo,python,https://au.neuvoo.com/job.php?id=sd0ypv7vkt&lang=en&k=python,*No found
3,UX Designer,Michael Page,Brisbane QLD,Indeed,developer,https://au.indeed.com//rc/clk?jk=71f71a85bbaaf120&fccid=77087bd1709a8148,onli & year & perman
2,2x Quantitative Analyst roles - ASX,Michael Page,Brisbane QLD,Indeed,data science,https://au.indeed.com//rc/clk?jk=4f4f2ab1a2306b6a&fccid=77087bd1709a8148,experienc & perman
0,2x Quantitative Analyst - ASX,Michael Page,CBD & Inner Suburbs,SEEK,data science,https://www.seek.com.au//job/35387795?type=standout&userqueryid=dd277dacbe196026c76952c136329fc6-2597630,experienc
3,Front-End Web Developer,Michael Page,"Bowen Hills, Queensland",Neuvoo,part time developer,https://au.neuvoo.com/job.php?id=pzw59abfhn&lang=en&k=part+time+developer,*No found
1,OSIsoft PI Systems Engineer,Michael Page Engineering & Manufacturing,CBD & Inner Suburbs,SEEK,python,https://www.seek.com.au//job/35420732?type=standout&userqueryid=8a9e9534f4e8f5f6bd15933dd955d215-2668568,experienc & year
2,Associate (Major Projects),MinterEllison,"Brisbane, Queensland",Neuvoo,part time developer,https://au.neuvoo.com/job.php?id=nsyepcsw3q&lang=en&k=part+time+developer,*No found
2,Conveyancing Supervisor/Team Leader - Property,MinterEllison,"Brisbane, Queensland",Neuvoo,part time developer,https://au.neuvoo.com/job.php?id=epxwacyqv7&lang=en&k=part+time+developer,*No found
2,Paralegal - Property,MinterEllison,"Brisbane, Queensland",Neuvoo,part time developer,https://au.neuvoo.com/job.php?id=4cqdc536zk&lang=en&k=part+time+developer,*No found
2,Spatial Analyst,Moreton Bay Regional Council,Queensland,Neuvoo,data science,https://au.neuvoo.com/job.php?id=tqst0y5ixx&lang=en&k=data+science,*No found
0,Work From Home Business Opportunity - Self Employment,Moretulife,"Brisbane, Queensland",Neuvoo,developer,https://au.neuvoo.com/job.php?id=cwd6c4nua6&lang=en&k=developer,*No found
2,"Pre-Sales Solutions Consultant, QLD","MuleSoft, INC.","Brisbane, Queensland",Neuvoo,developer,https://au.neuvoo.com/job.php?id=vdr80stsug&lang=en&k=developer,*No found
0,Full Stack JavaScript Developer,NatRecANZ,CBD & Inner Suburbs,SEEK,part time developer,https://www.seek.com.au//job/35491060?type=standard&userqueryid=a15640fd2308c82dd13dfea98ffcc24b-2701373,*No found
2,Reporting Specialists,Nerve Solutions Group Pty Ltd,CBD & Inner Suburbs,SEEK,programmer,https://www.seek.com.au//job/35480110?type=standard&userqueryid=955cbf4ff5728a6628c6603cbb7b0648-2612293,*No found
2,C# Developers,Nerve Solutions Group Pty Ltd,CBD & Inner Suburbs,SEEK,programmer,https://www.seek.com.au//job/35479676?type=standard&userqueryid=955cbf4ff5728a6628c6603cbb7b0648-2612293,*No found
1,MatterSphere Expert,Nerve Solutions Group Pty Ltd,CBD & Inner Suburbs,SEEK,part time developer,https://www.seek.com.au//job/35469709?type=standard&userqueryid=a15640fd2308c82dd13dfea98ffcc24b-2702142,*No found
4,Javascript Developer,NetEngine,South Brisbane QLD,Indeed,software engineering,https://au.indeed.com//rc/clk?jk=4fb74eb1d3aec5f6&fccid=85dd723bf99a5ba4&vjs=3,year
3,Software Engineer Ruby on Rails,NetEngine,South Brisbane QLD,Indeed,developer,https://au.indeed.com//rc/clk?jk=955723ed475e7922&fccid=85dd723bf99a5ba4,right & experienc & year
0,Designer / Front-end Developer,NetEngine,South Brisbane QLD,Indeed,software engineering,https://au.indeed.com//rc/clk?jk=76ea316e3f9dbed7&fccid=85dd723bf99a5ba4,onli & experienc & year
1,Sales Estimator | Residential Developments,Nobul,,SEEK,part time developer,https://www.seek.com.au//job/35481891?type=standard&userqueryid=a15640fd2308c82dd13dfea98ffcc24b-2702142,year
3,Sales Estimator | Residential Developments,Nobul Recruitment,Brisbane QLD,Indeed,developer,https://au.indeed.com//rc/clk?jk=8a8610c32feb550e&fccid=817e80354a085efc,must & year
0,CNC Programmer Machinist,Nordon Cylinders,Northern Suburbs,SEEK,programmer,https://www.seek.com.au//job/35383247?type=promoted&userqueryid=955cbf4ff5728a6628c6603cbb7b0648-2610694,onli & right & ethic
4,Growth Hacker,North Hem,Brisbane QLD,Indeed,programmer,https://au.indeed.com//company/North-Hem/jobs/Growth-Hacker-dff47b98a6394ce5?fccid=d3785b7a580017f2&vjs=3,right
3,Piping Designer,OSD,CBD & Inner Suburbs,SEEK,software engineering,https://www.seek.com.au//job/35432313?type=standard&userqueryid=1e5b92765efcdbff4c0a8bc6def27df1-2585271,experienc & year
0,CNC Programmer,OSMAC Apprenticeships,Brendale QLD,Indeed,programmer,https://au.indeed.com//company/OSMAC-Apprenticeships/jobs/CNC-Programmer-1e105fd3d50400f2?fccid=565c70894dfa2b8b&vjs=3,experienc & year
0,Rails / React Full-stack Engineer,On Brand Investments Pty Ltd,CBD & Inner Suburbs,SEEK,software engineering,https://www.seek.com.au//job/35498552?type=standard&userqueryid=1e5b92765efcdbff4c0a8bc6def27df1-2582807,onli & right & year
1,"Software Engineer – Telemetry Capture, IoT.",OnTalent Pty Ltd,Bayside & Eastern Suburbs,SEEK,python,https://www.seek.com.au//job/35451866?type=standout&userqueryid=8a9e9534f4e8f5f6bd15933dd955d215-2668568,*Error 'charmap' codec can't encode character '\u2013' in position 28: character maps to <undefined>
3,Software Engineer,OnTalent Pty Ltd,Bayside & Eastern Suburbs,SEEK,python,https://www.seek.com.au//job/35294796?type=standout&userqueryid=8a9e9534f4e8f5f6bd15933dd955d215-2670144,*No found
0,Instructional Designer ,Optimum Consulting Group,Southern Suburbs & Logan,SEEK,programmer,https://www.seek.com.au//job/35495095?type=standout&userqueryid=955cbf4ff5728a6628c6603cbb7b0648-2610694,experienc
1,Principal Member of Technical Staff - OpenSSL/Crypto/FIPS - Product Engineering,Oracle,"Brisbane, Queensland",Neuvoo,software engineering,https://au.neuvoo.com/job.php?id=wkua86w96k&lang=en&k=software+engineering,*No found
1,Research Assistant - Improving call trace visualisation for defects in source code,Oracle,"Brisbane, Queensland",Neuvoo,graduate developer,https://au.neuvoo.com/job.php?id=idqah5s9ak&lang=en&k=graduate+developer,*No found
3,Research Assistant: Architecture Summarisation of Large Enterprise Applications,Oracle,"Brisbane, Queensland",Neuvoo,data science,https://au.neuvoo.com/job.php?id=cm6jrjtbdh&lang=en&k=data+science,*No found
0,Research Assistant - Test case generation for Node.js web ap...,Oracle,Brisbane QLD,Indeed,software engineering,https://au.indeed.com//rc/clk?jk=73f2ae3def7e034d&fccid=cd22d01053af7669,right & visa
0,Research Assistant - Automatically discovering sanitizers an...,Oracle,Brisbane QLD,Indeed,python,https://au.indeed.com//rc/clk?jk=996f1d96bd000274&fccid=cd22d01053af7669,right & visa
2,Research Assistant - Automatically discovering sanitizers and security-sensitive functions for Node.js applications,Oracle,"Brisbane, Queensland",Neuvoo,part time developer,https://au.neuvoo.com/job.php?id=2us6dhq8u4&lang=en&k=part+time+developer,*No found
0,Tools & Automation Developer,Oracle,"Brisbane, Queensland",Neuvoo,python,https://au.neuvoo.com/job.php?id=wy32me93u9&lang=en&k=python,*No found
2,Research Assistant - Test case generation for Node.js web applications,Oracle,"Brisbane, Queensland",Neuvoo,python,https://au.neuvoo.com/job.php?id=i8pg34ddcv&lang=en&k=python,*No found
1,Research Assistant: Architecture Summarisation of Large Ente...,Oracle,Brisbane QLD,Indeed,software engineering,https://au.indeed.com//rc/clk?jk=2fe9000b066f8b2e&fccid=cd22d01053af7669&vjs=3,visa
3,Research Assistant - Post-Mortem Program Analysis,Oracle,Brisbane QLD,Indeed,developer,https://au.indeed.com//rc/clk?jk=397b5e44e1f3704d&fccid=cd22d01053af7669,right & visa & resid
4,Research Assistant - Improving call trace visualisation for...,Oracle,Brisbane QLD,Indeed,developer,https://au.indeed.com//rc/clk?jk=44ee036f3eea3e65&fccid=cd22d01053af7669,right & visa & year
0,Research Assistant Automatically Improving Security-Specific...,Oracle,Brisbane QLD,Indeed,software engineering,https://au.indeed.com//rc/clk?jk=bac07b169b83be98&fccid=cd22d01053af7669,onli & must & right & visa
0,Research Assistant - Feature Extraction for Machine-learning...,Oracle,Brisbane QLD,Indeed,python,https://au.indeed.com//rc/clk?jk=8c2f7974ed9109f9&fccid=cd22d01053af7669,right & visa
3,Position Type: full time,Orange Sky Laundry,Brisbane QLD,Indeed,software engineering,https://au.indeed.com//rc/clk?jk=9c90678875cf9ac7&fccid=7816a2dea440b00e,onli & right & visa & ethic & experienc & resid & perman & citizen
0,Android Developer,Outware Mobile,CBD & Inner Suburbs,SEEK,part time developer,https://www.seek.com.au//job/34507808?type=standout&userqueryid=a15640fd2308c82dd13dfea98ffcc24b-2701373,onli & year
4,Test Analyst - Mobile Apps,Outware Mobile,Brisbane QLD,Indeed,python,https://au.indeed.com//rc/clk?jk=658b50ac333b8cba&fccid=a4ae42b6b1ead781,must & right & experienc & year & resid & perman
3,Test Analyst - mobile apps,Outware Mobile,CBD & Inner Suburbs,SEEK,python,https://www.seek.com.au//job/35349441?type=standout&userqueryid=8a9e9534f4e8f5f6bd15933dd955d215-2670144,must & right & experienc & year & resid & perman
1,Full Stack/DevOps Engineer,Over The Wire Pty Ltd,CBD & Inner Suburbs,SEEK,part time developer,https://www.seek.com.au//job/35469077?type=standout&userqueryid=a15640fd2308c82dd13dfea98ffcc24b-2702142,onli & must & right & experienc
1,Reporting Analyst x 3,PATH4 Technology,CBD & Inner Suburbs,SEEK,data science,https://www.seek.com.au//job/35316822?type=standard&userqueryid=dd277dacbe196026c76952c136329fc6-2598418,*No found
3,Urban Designer,PLACE Design Group Pty Ltd,CBD & Inner Suburbs,SEEK,part time developer,https://www.seek.com.au//job/35436431?type=standard&userqueryid=a15640fd2308c82dd13dfea98ffcc24b-2703933,onli & year & resid
3,Business Analyst | Data Scientist,PRA,Brisbane QLD,Indeed,data science,https://au.indeed.com//rc/clk?jk=71bba9532fe1711f&fccid=3639ccbe63c86927,right & year & perman
3,DevOps - Contract,PRA,Brisbane QLD,Indeed,python,https://au.indeed.com//rc/clk?jk=07ca206e48dea31b&fccid=3639ccbe63c86927,experienc
0,Analyst Programmer,PRA,Brisbane QLD,Indeed,programmer,https://au.indeed.com//rc/clk?jk=30faa5a17b0c9e0a&fccid=3639ccbe63c86927&vjs=3,experienc & perman
2,Software Engineer,PRA,CBD & Inner Suburbs,SEEK,software engineering,https://www.seek.com.au//job/35463753?type=standard&userqueryid=1e5b92765efcdbff4c0a8bc6def27df1-2584516,year & perman
2,Reporting Analyst x 3,Path4 Technology,Brisbane QLD,Indeed,data science,https://au.indeed.com//rc/clk?jk=0b569ce2f699c08c&fccid=8d4bbffb7f24b178,*No found
2,Hadoop Developer,Paxus,"Brisbane, Queensland",Neuvoo,python,https://au.neuvoo.com/job.php?id=z9464jfwg8&lang=en&k=python,*No found
1,Graduate Data Scientist/ Data Analyst,Paxus,"Brisbane, Queensland",Neuvoo,data science,https://au.neuvoo.com/job.php?id=ne9y8838jz&lang=en&k=data+science,*No found
4,Junior Java Developer,Paxus,Brisbane QLD,Indeed,developer,https://au.indeed.com//rc/clk?jk=66dfff37a5e9b773&fccid=0be9b830285b4790,onli & experienc & year & perman
0,Junior level .NET Developer,Paxus,"Brisbane, Queensland",Neuvoo,graduate developer,https://au.neuvoo.com/job.php?id=02uv6cwwqi&lang=en&k=graduate+developer,*No found
0,Integration/DevOps Engineer,Paxus,Brisbane QLD,Indeed,python,https://au.indeed.com//rc/clk?jk=1b2e0145a870275f&fccid=0be9b830285b4790,onli & must & year & perman
2,Consulting Java Developer,Paxus,"Brisbane, Queensland",Neuvoo,software engineering,https://au.neuvoo.com/job.php?id=ev8nqrrpf4&lang=en&k=software+engineering,*No found
2,iOS Developer,Paxus,"Brisbane, Queensland",Neuvoo,developer,https://au.neuvoo.com/job.php?id=dt6pg9d9we&lang=en&k=developer,*No found
2,Junior Java Developer,Paxus Australia Pty Ltd,CBD & Inner Suburbs,SEEK,programmer,https://www.seek.com.au//job/35476828?type=standout&userqueryid=955cbf4ff5728a6628c6603cbb7b0648-2612293,experienc & year
0,AngularJS Developers – MULTIPLE POSITIONS AVAILABLE,Paxus Australia Pty Ltd,CBD & Inner Suburbs,SEEK,part time developer,https://www.seek.com.au//job/35498637?type=standout&userqueryid=a15640fd2308c82dd13dfea98ffcc24b-2701373,*Error 'charmap' codec can't encode character '\u2013' in position 31: character maps to <undefined>
0,Junior level .NET Developer,Paxus Australia Pty Ltd,CBD & Inner Suburbs,SEEK,graduate developer,https://www.seek.com.au//job/35458183?type=standout&userqueryid=81f979cf648aa121bdf482c921459bd6-2690835,must & year & citizen
2,DevOps Engineer,Paxus Australia Pty Ltd,CBD & Inner Suburbs,SEEK,software engineering,https://www.seek.com.au//job/35474858?type=standard&userqueryid=1e5b92765efcdbff4c0a8bc6def27df1-2584516,must
0,Hadoop Developer,Paxus Australia Pty Ltd,CBD & Inner Suburbs,SEEK,python,https://www.seek.com.au//job/35458041?type=standout&userqueryid=8a9e9534f4e8f5f6bd15933dd955d215-2667640,onli & citizen
0,Change Communications Specialist I Port Macquarie NSW,Paxus Australia Pty Ltd,Southern Suburbs & Logan,SEEK,developer,https://www.seek.com.au//job/35496529?type=standard&userqueryid=e907361bbd2f1cd85fa93bb4a24fb26d-2639056,experienc
0,Graduate Data Scientist/ Data Analyst,Paxus Australia Pty Ltd,CBD & Inner Suburbs,SEEK,data science,https://www.seek.com.au//job/35458388?type=standout&userqueryid=dd277dacbe196026c76952c136329fc6-2597630,year
3,Sleepeasy Centre Consultant,Philips Lighting,"Brisbane, Queensland",Neuvoo,data science,https://au.neuvoo.com/job.php?id=vppsqtgrt9&lang=en&k=data+science,*No found
0,Receptionist,Pointcorp Group,CBD & Inner Suburbs,SEEK,part time developer,https://www.seek.com.au//job/35493590?type=standard&userqueryid=a15640fd2308c82dd13dfea98ffcc24b-2701373,must & experienc & resid & perman & citizen
3,Database Application Developer and E-Commerce Marketing Specialist,Polycell International Pty Ltd,Southern Suburbs & Logan,SEEK,developer,https://www.seek.com.au//job/35380994?type=promoted&userqueryid=e907361bbd2f1cd85fa93bb4a24fb26d-2641698,experienc & perman
2,CNC & Robotic programmer Redcliffe,Polyworld,Redcliffe QLD,Indeed,programmer,https://au.indeed.com//rc/clk?jk=e760192fc476518c&fccid=9525e824b16ef4ba,onli & right
0,Machinist - CNC Operator / Programmer,Private Advertiser,Northern Suburbs,SEEK,programmer,https://www.seek.com.au//job/35496850?type=standard&userqueryid=955cbf4ff5728a6628c6603cbb7b0648-2610694,must
0,Graduate Junior Optimum Software Engineer,Private Advertiser,CBD & Inner Suburbs,SEEK,software engineering,https://www.seek.com.au//job/35494290?type=standard&userqueryid=1e5b92765efcdbff4c0a8bc6def27df1-2582807,onli & must & ethic
0,Consultants / Developers - Data Analytics | Big Data | Machine Learning,Private Advertiser,CBD & Inner Suburbs,SEEK,data science,https://www.seek.com.au//job/35355223?type=standard&userqueryid=dd277dacbe196026c76952c136329fc6-2597630,*No found
3,Business Systems Analyst,Private Advertiser,CBD & Inner Suburbs,SEEK,part time developer,https://www.seek.com.au//job/35422928?type=standard&userqueryid=a15640fd2308c82dd13dfea98ffcc24b-2703933,experienc & year
3,Graduate Developer,Private Advertiser,,SEEK,programmer,https://www.seek.com.au//job/35467623?type=standout&userqueryid=955cbf4ff5728a6628c6603cbb7b0648-2613376,experienc & year & perman
3,AI Programmer,Private Advertiser,Southern Suburbs & Logan,SEEK,python,https://www.seek.com.au//job/35333404?type=standard&userqueryid=8a9e9534f4e8f5f6bd15933dd955d215-2670144,*No found
2,Business Analyst | Data Scientist,Professional Recruitment Australia,Brisbane QLD,Indeed,data science,https://au.indeed.com//rc/clk?jk=b01ba5da7899a105&fccid=7446277f16f04679,onli & right & year & perman
0,Analyst Programmer,Professional Recruitment Australia,Brisbane QLD,Indeed,programmer,https://au.indeed.com//rc/clk?jk=179f08ebb383ebac&fccid=7446277f16f04679&vjs=3,experienc & perman
0,Full Stack Developer - Urgent!,Programmed Professionals,CBD & Inner Suburbs,SEEK,developer,https://www.seek.com.au//job/35496992?type=standout&userqueryid=e907361bbd2f1cd85fa93bb4a24fb26d-2639056,experienc & year & pr & citizen
2,Real estate After Sales Administrator,Property Check Brisbane,New Farm QLD,Indeed,developer,https://au.indeed.com//company/Property-Check-Brisbane/jobs/Real-Estate-After-Sales-Administrator-a914171e921e4c2e?fccid=079de7b00b5cb387&vjs=3,right & year
2,Software Developer - genomiQa view position description,QIMR Berghofer Medical Research Institute,Brisbane QLD,Indeed,developer,https://au.indeed.com//rc/clk?jk=a35a64d4c0b2c000&fccid=ab186865deb4da7a&vjs=3,*No found
3,Systems Developer,QSuper,"Brisbane, Queensland",Neuvoo,part time developer,https://au.neuvoo.com/job.php?id=596ft3jm4x&lang=en&k=part+time+developer,*No found
1,Analyst Programmer (Java) - 2 positions available,Queensland Goverment,"Brisbane, Queensland",Neuvoo,programmer,https://au.neuvoo.com/job.php?id=e2du88n8cn&lang=en&k=programmer,*No found
1,Science Operations Officer - Indooroopilly State High School,Queensland Goverment,"Brisbane, Queensland",Neuvoo,data science,https://au.neuvoo.com/job.php?id=ahyyej8xyf&lang=en&k=data+science,*No found
0,Analyst Programmer (Java) - 2 positions available,Queensland Government,Brisbane QLD,Indeed,programmer,https://au.indeed.com//rc/clk?jk=389bd0e7850d5739&fccid=033d5c6dd090c8a4&vjs=3,onli & must & perman
3,Digital Developer,RACQ,Southern Suburbs & Logan,SEEK,programmer,https://www.seek.com.au//job/35468494?type=standout&userqueryid=955cbf4ff5728a6628c6603cbb7b0648-2613376,*No found
2,.NET Developer,RF Barcode Systems,CBD & Inner Suburbs,SEEK,python,https://www.seek.com.au//job/35355551?type=standout&userqueryid=8a9e9534f4e8f5f6bd15933dd955d215-2669417,*No found
3,Business Executive - Advisory Coal,RPMGlobal Holdings Limited,"Brisbane, Queensland",Neuvoo,software engineering,https://au.neuvoo.com/job.php?id=pcxbgdzf2d&lang=en&k=software+engineering,*No found
4,security specialist - computer systems officer,Randstad,Brisbane Central Business District QLD,Indeed,data science,https://au.indeed.com//rc/clk?jk=5481e9d820812c0b&fccid=f8b265243da9f9d7,must
1,Security Specialist - Computer Systems Officer,Randstad - Technologies,CBD & Inner Suburbs,SEEK,data science,https://www.seek.com.au//job/35269764?type=standard&userqueryid=dd277dacbe196026c76952c136329fc6-2598418,*No found
3,Training Developer,Raytheon Australia Pty Ltd,CBD & Inner Suburbs,SEEK,part time developer,https://www.seek.com.au//job/35442012?type=standout&userqueryid=a15640fd2308c82dd13dfea98ffcc24b-2703933,*No found
1,Training Developer,Raytheon Company.,"Carole Park, Queensland",Neuvoo,developer,https://au.neuvoo.com/job.php?id=8tsm4eu3j0&lang=en&k=developer,*No found
3,Software Development Lead,Recon Solutions,CBD & Inner Suburbs,SEEK,programmer,https://www.seek.com.au//job/35469397?type=standout&userqueryid=955cbf4ff5728a6628c6603cbb7b0648-2613376,year & perman
3,PHP Developer,RedEye Apps,CBD & Inner Suburbs,SEEK,software engineering,https://www.seek.com.au//job/35441238?type=standout&userqueryid=1e5b92765efcdbff4c0a8bc6def27df1-2585271,must & experienc
3,Test Analyst,Redback Technologies,CBD & Inner Suburbs,SEEK,part time developer,https://www.seek.com.au//job/35428053?type=standout&userqueryid=a15640fd2308c82dd13dfea98ffcc24b-2703933,*No found
2,Executive Assistant,Redback Technologies,CBD & Inner Suburbs,SEEK,software engineering,https://www.seek.com.au//job/35457067?type=standout&userqueryid=1e5b92765efcdbff4c0a8bc6def27df1-2584516,ethic & experienc
3,Principal Advisor,Riotinto,"Brisbane, Queensland",Neuvoo,developer,https://au.neuvoo.com/job.php?id=q29shsudcp&lang=en&k=developer,*No found
2,IT Developer,Risk & Security Management Ltd,CBD & Inner Suburbs,SEEK,part time developer,https://www.seek.com.au//job/35451657?type=standard&userqueryid=a15640fd2308c82dd13dfea98ffcc24b-2703112,*No found
1,New Home Consultant,Rivergum Homes Group,Southern Suburbs & Logan,SEEK,part time developer,https://www.seek.com.au//job/35471712?type=standout&userqueryid=a15640fd2308c82dd13dfea98ffcc24b-2702142,right & ethic & experienc & year
0,DevOps Engineer,Robert Half Australia,Brisbane QLD,Indeed,python,https://au.indeed.com//rc/clk?jk=47f18c71191920d1&fccid=bc2f0862932e35da,right & ethic & experienc & year
1,DevOps Engineer | Hybrid Environment | Cloud Strategy ,Robert Half Technology,CBD & Inner Suburbs,SEEK,software engineering,https://www.seek.com.au//job/35487694?type=standard&userqueryid=1e5b92765efcdbff4c0a8bc6def27df1-2583778,experienc & year
3,Application Support Analyst,Robert Half Technology,CBD & Inner Suburbs,SEEK,developer,https://www.seek.com.au//job/35486307?type=standard&userqueryid=e907361bbd2f1cd85fa93bb4a24fb26d-2641698,must
3,PHP Developer,SALT,"Brisbane, Queensland",Neuvoo,data science,https://au.neuvoo.com/job.php?id=y4whnekefp&lang=en&k=data+science,*No found
2,Frontend Developer,SALT,"Brisbane, Queensland",Neuvoo,developer,https://au.neuvoo.com/job.php?id=60x0t3vf9s&lang=en&k=developer,*No found
3,Technical Support Officer,SITECH Construction Systems,CBD & Inner Suburbs,SEEK,software engineering,https://www.seek.com.au//job/35449962?type=standard&userqueryid=1e5b92765efcdbff4c0a8bc6def27df1-2585271,must & right
2,Supply Chain Consultant (MMM),Schneider Electric,"Brisbane, Queensland",Neuvoo,data science,https://au.neuvoo.com/job.php?id=x0sejkyvat&lang=en&k=data+science,*No found
3,Data Consultant,Servian,Brisbane QLD,Indeed,data science,https://au.indeed.com//rc/clk?jk=ed3d45a34fb10eca&fccid=93e5617653014982,perman
1,CNC Lathe Programmer/Operator - Morningside,Shortlist Recruitment,Brisbane QLD,Indeed,programmer,https://au.indeed.com//rc/clk?jk=71381c0769ff6a81&fccid=9db08cd7b83713fc,must & visa & ethic & experienc & year & resid & perman & citizen
4,IPT and Digital Technologies Teacher,Smart Teachers,Brisbane QLD,Indeed,python,https://au.indeed.com//rc/clk?jk=ad0d5d0db86a47ae&fccid=6c9fd81f2730647a,must & right & perman
2,Site Reliability Engineer,Smart Technology Recruitment Pty Ltd,CBD & Inner Suburbs,SEEK,python,https://www.seek.com.au//job/35388588?type=standard&userqueryid=8a9e9534f4e8f5f6bd15933dd955d215-2669417,year
2,Accounting Software Support Consultant and Developer,Solutions Connect Pty Ltd,CBD & Inner Suburbs,SEEK,developer,https://www.seek.com.au//job/35306344?type=promoted&userqueryid=e907361bbd2f1cd85fa93bb4a24fb26d-2640822,*No found
2,Front End Developer - Mid,Squiz,"Brisbane, Queensland",Neuvoo,developer,https://au.neuvoo.com/job.php?id=y3xuk2itfw&lang=en&k=developer,*No found
4,Looking for Web Developer (frontend/backend),Start Creative,Eight Mile Plains QLD,Indeed,developer,https://au.indeed.com//company/Start-Creative/jobs/Web-Developer-cc11480488492252?fccid=61cb7ff9067b8df1,must & year & resid & perman
3,Principal Structural Engineer $176-154K Future frustration?,Structural Jobs,"Brisbane, Queensland",Neuvoo,developer,https://au.neuvoo.com/job.php?id=qnwk4v2svk&lang=en&k=developer,*No found
2,"Java, API, Cloud | Software Engineer",Suncorp,CBD & Inner Suburbs,SEEK,programmer,https://www.seek.com.au//job/35477768?type=standard&userqueryid=955cbf4ff5728a6628c6603cbb7b0648-2612293,year
3,"Java, Spring and API's | Tech Lead",Suncorp,CBD & Inner Suburbs,SEEK,developer,https://www.seek.com.au//job/35488449?type=standard&userqueryid=e907361bbd2f1cd85fa93bb4a24fb26d-2641698,year
1,"Java, API, Cloud | Software Engineer",Suncorp Group,"Ashgrove, Queensland",Neuvoo,software engineering,https://au.neuvoo.com/job.php?id=4xe2z7mv55&lang=en&k=software+engineering,*No found
3,DevOps Engineer,Suncorp Group,"South Brisbane, Queensland",Neuvoo,data science,https://au.neuvoo.com/job.php?id=z6zrdj982t&lang=en&k=data+science,*No found
4,"Software Engineer - Legal, Risk & Finance Applications",Suncorp Group,Brisbane QLD,Indeed,developer,https://au.indeed.com//rc/clk?jk=dada1c463ee6a951&fccid=095b91d1e7195475,onli & perman
2,"Java, Spring and API's | Tech Lead",Suncorp Group,Brisbane QLD,Indeed,developer,https://au.indeed.com//rc/clk?jk=bd3e49412c48ebf0&fccid=095b91d1e7195475&vjs=3,perman
0,Mobile Developers,Suncorp Group,"South Brisbane, Queensland",Neuvoo,developer,https://au.neuvoo.com/job.php?id=x4pyzwdtwv&lang=en&k=developer,*No found
1,Field Software Engineer,"Sunquest Information Systems, Inc","Brisbane, Queensland",Neuvoo,software engineering,https://au.neuvoo.com/job.php?id=7jj68fnis7&lang=en&k=software+engineering,*No found
1,Interface Analyst,"Sunquest Information Systems, Inc","Brisbane, Queensland",Neuvoo,data science,https://au.neuvoo.com/job.php?id=fvukdqhe2z&lang=en&k=data+science,*No found
0,Discovery Representative - Kirra Beach,Super 8 Timmins,Queensland,Neuvoo,part time developer,https://au.neuvoo.com/job.php?id=aitxgp5s5a&lang=en&k=part+time+developer,*No found
0,Software Developer (Python),Superloop,"Brisbane, Queensland",Neuvoo,python,https://au.neuvoo.com/job.php?id=yu0pq6tmu9&lang=en&k=python,*No found
0,Python Developer,Superloop,CBD & Inner Suburbs,SEEK,python,https://www.seek.com.au//job/35271465?type=standard&userqueryid=8a9e9534f4e8f5f6bd15933dd955d215-2667640,onli & year
3,UI / UX Developer: Be part of an exciting new project!,Superloop,CBD & Inner Suburbs,SEEK,python,https://www.seek.com.au//job/34393078?type=standard&userqueryid=8a9e9534f4e8f5f6bd15933dd955d215-2670144,onli & must & year
2,Developer,Surf Life Saving Foundation,CBD & Inner Suburbs,SEEK,programmer,https://www.seek.com.au//job/35478566?type=standout&userqueryid=955cbf4ff5728a6628c6603cbb7b0648-2612293,onli & right & year
0,NodeJS Developer,Swyftx,CBD & Inner Suburbs,SEEK,programmer,https://www.seek.com.au//job/35494001?type=standout&userqueryid=955cbf4ff5728a6628c6603cbb7b0648-2610694,*No found
2,Software Test Engineer,Synergy Placements,CBD & Inner Suburbs,SEEK,python,https://www.seek.com.au//job/35410110?type=standard&userqueryid=8a9e9534f4e8f5f6bd15933dd955d215-2669417,must & perman
2,Software Test Engineer,Synergy Placements Pty Ltd,Brisbane QLD,Indeed,software engineering,https://au.indeed.com//rc/clk?jk=04cfcefc8e46f0fe&fccid=c39986417debca95&vjs=3,must & perman
3,SQL Developer,TCC and Black Betty,CBD & Inner Suburbs,SEEK,programmer,https://www.seek.com.au//job/35470281?type=standard&userqueryid=955cbf4ff5728a6628c6603cbb7b0648-2613376,onli & right
0,Data Consultant,TCC and Black Betty,CBD & Inner Suburbs,SEEK,python,https://www.seek.com.au//job/35470289?type=standard&userqueryid=8a9e9534f4e8f5f6bd15933dd955d215-2667640,onli & right
1,Software Developer,TEKsystems,CBD & Inner Suburbs,SEEK,developer,https://www.seek.com.au//job/35494374?type=standard&userqueryid=e907361bbd2f1cd85fa93bb4a24fb26d-2639949,onli & right & resid & perman & citizen
1,Java Developer,TEKsystems,CBD & Inner Suburbs,SEEK,developer,https://www.seek.com.au//job/35493861?type=standard&userqueryid=e907361bbd2f1cd85fa93bb4a24fb26d-2639949,*No found
2,Systems Support Engineer,Tactiv – Leading Software Solutions,CBD & Inner Suburbs,SEEK,python,https://www.seek.com.au//job/35405496?type=standout&userqueryid=8a9e9534f4e8f5f6bd15933dd955d215-2669417,*Error 'charmap' codec can't encode character '\u2013' in position 45: character maps to <undefined>
3,Integration Developer (Java),Talent International,"Brisbane, Queensland",Neuvoo,part time developer,https://au.neuvoo.com/job.php?id=pr0pz55szx&lang=en&k=part+time+developer,*No found
2,Systems Data Administrator,Talentpath,CBD & Inner Suburbs,SEEK,python,https://www.seek.com.au//job/35391115?type=standard&userqueryid=8a9e9534f4e8f5f6bd15933dd955d215-2669417,*No found
3,API Software Engineer / Developer,Talenza,CBD & Inner Suburbs,SEEK,software engineering,https://www.seek.com.au//job/35447702?type=standard&userqueryid=1e5b92765efcdbff4c0a8bc6def27df1-2585271,*No found
2,Developer,Tatts Group,"Albion, Queensland",Neuvoo,part time developer,https://au.neuvoo.com/job.php?id=d52504nasz&lang=en&k=part+time+developer,*No found
2,Web Developer,Tatts Group,"Woolloongabba, Queensland",Neuvoo,part time developer,https://au.neuvoo.com/job.php?id=0c9expnttm&lang=en&k=part+time+developer,*No found
0,Graduate Web Developer,Tatts Group,"Woolloongabba, Queensland",Neuvoo,part time developer,https://au.neuvoo.com/job.php?id=heaadxv637&lang=en&k=part+time+developer,*No found
3,Associate Tech Specialist,Tech Mahindra Limited,"Brisbane, Queensland",Neuvoo,developer,https://au.neuvoo.com/job.php?id=uxvpfxr5jr&lang=en&k=developer,*No found
3,Sr. System Engineer,Tech Mahindra Limited,"Brisbane, Queensland",Neuvoo,software engineering,https://au.neuvoo.com/job.php?id=wbmwc8ac57&lang=en&k=software+engineering,*No found
3,Intern Developer,Technology One,"Brisbane, Queensland",Neuvoo,data science,https://au.neuvoo.com/job.php?id=jbjx5nq6n7&lang=en&k=data+science,*No found
0,Multimedia Developer,Technology One,"Brisbane, Queensland",Neuvoo,part time developer,https://au.neuvoo.com/job.php?id=vz7f5yg67y&lang=en&k=part+time+developer,*No found
0,Graduate Developer,Technology One,"Brisbane, Queensland",Neuvoo,graduate developer,https://au.neuvoo.com/job.php?id=tx6p3m69e3&lang=en&k=graduate+developer,*No found
2,Support Analyst (Test),Technology One,"Brisbane, Queensland",Neuvoo,part time developer,https://au.neuvoo.com/job.php?id=vdj9hahd6h&lang=en&k=part+time+developer,*No found
0,Enterprise Security Architect,Technology One Limited,CBD & Inner Suburbs,SEEK,software engineering,https://www.seek.com.au//job/35499204?type=standard&userqueryid=1e5b92765efcdbff4c0a8bc6def27df1-2582807,must & year
4,Graduate Developer,Technology One Limited,Brisbane QLD,Indeed,software engineering,https://au.indeed.com//rc/clk?jk=8a5409c64f439d67&fccid=dc0a808e710ad7b5&vjs=3,*No found
4,Intern Developer,Technology One Limited,Brisbane QLD,Indeed,software engineering,https://au.indeed.com//rc/clk?jk=ab5ab1d78c52b0ef&fccid=dc0a808e710ad7b5&vjs=3,*No found
3,SCCM Lead,Tectrix Consulting,"Brisbane, Queensland",Neuvoo,software engineering,https://au.neuvoo.com/job.php?id=46mgdqryhz&lang=en&k=software+engineering,*No found
0,Recruitment Administrator,The Citadel Group,CBD & Inner Suburbs,SEEK,part time developer,https://www.seek.com.au//job/35495121?type=standard&userqueryid=a15640fd2308c82dd13dfea98ffcc24b-2701373,ethic
3,Graduate Engineer,The Mitolo Group,"Virginia, Queensland",Neuvoo,software engineering,https://au.neuvoo.com/job.php?id=7hpi5m0xvq&lang=en&k=software+engineering,*No found
4,Business Analyst,The University of Queensland,St Lucia QLD,Indeed,data science,https://au.indeed.com//rc/clk?jk=62708e714ea33a41&fccid=344dde58d057a104,must & experienc
1,DevOps Engineer,The University of Queensland,St Lucia QLD,Indeed,python,https://au.indeed.com//rc/clk?jk=b6bc0e3622daac24&fccid=344dde58d057a104&vjs=3,must
1,Data Skill Development Officer,The University of Queensland,St Lucia QLD,Indeed,python,https://au.indeed.com//rc/clk?jk=4cd618461556d80c&fccid=344dde58d057a104&vjs=3,must
2,Sales Specialist,Thermo Fisher Scientific,"Brisbane, Queensland",Neuvoo,data science,https://au.neuvoo.com/job.php?id=3f2f5zgnma&lang=en&k=data+science,*No found
0,Graduate Quality Analyst,"ThoughtWorks, Inc.","Brisbane, Queensland",Neuvoo,graduate developer,https://au.neuvoo.com/job.php?id=5yggatnif6&lang=en&k=graduate+developer,*No found
1,Technical Lead Consultant,"ThoughtWorks, Inc.","Brisbane, Queensland",Neuvoo,python,https://au.neuvoo.com/job.php?id=7xf8wqsgxe&lang=en&k=python,*No found
1,Graduate Software Developer,"ThoughtWorks, Inc.","Brisbane, Queensland",Neuvoo,graduate developer,https://au.neuvoo.com/job.php?id=xh4uf0av8p&lang=en&k=graduate+developer,*No found
1,Embedded Electronics / Software Engineer,Topcon Positioning System Aust.,CBD & Inner Suburbs,SEEK,software engineering,https://www.seek.com.au//job/35478462?type=standard&userqueryid=1e5b92765efcdbff4c0a8bc6def27df1-2583778,onli & must & resid & perman
3,Software Engineer - Linux,Topcon Positioning System Aust.,CBD & Inner Suburbs,SEEK,software engineering,https://www.seek.com.au//job/35451444?type=standout&userqueryid=1e5b92765efcdbff4c0a8bc6def27df1-2585271,onli & must & year & resid & perman
3,Business Development Sales Engineer,Trimble Inc,"Brisbane, Queensland",Neuvoo,software engineering,https://au.neuvoo.com/job.php?id=j3e06gfwew&lang=en&k=software+engineering,*No found
0,National Private Sector Specialist,UN Women,"Kingston, Queensland",Neuvoo,data science,https://au.neuvoo.com/job.php?id=2nhmq652xh&lang=en&k=data+science,*No found
0,Business Analyst,University of Queensland,CBD & Inner Suburbs,SEEK,data science,https://www.seek.com.au//job/35444532?type=standard&userqueryid=dd277dacbe196026c76952c136329fc6-2597630,must
1,Data Skill Development Officer,University of Queensland,CBD & Inner Suburbs,SEEK,python,https://www.seek.com.au//job/35446216?type=standard&userqueryid=8a9e9534f4e8f5f6bd15933dd955d215-2668568,must
0,DevOps Engineer,University of Queensland,CBD & Inner Suburbs,SEEK,python,https://www.seek.com.au//job/35466511?type=standard&userqueryid=8a9e9534f4e8f5f6bd15933dd955d215-2667640,onli & must
1,Research Data Engineer,University of Queensland,"Saint Lucia, Queensland",Neuvoo,data science,https://au.neuvoo.com/job.php?id=02fytkyy22&lang=en&k=data+science,*No found
2,Research Fellow,University of Southern Queensland,Queensland,Neuvoo,software engineering,https://au.neuvoo.com/job.php?id=e42p925gxd&lang=en&k=software+engineering,*No found
1,Administrative Assistant,Urban Design Solutions,CBD & Inner Suburbs,SEEK,part time developer,https://www.seek.com.au//job/35474623?type=standard&userqueryid=a15640fd2308c82dd13dfea98ffcc24b-2702142,year
1,Transportation Model Developer (Brisbane),VLC,Brisbane QLD,Indeed,python,https://au.indeed.com//rc/clk?jk=d40e2b0159900990&fccid=7bb190d181368601&vjs=3,experienc & year
0,Process Engineer,Veolia,"Brisbane, Queensland",Neuvoo,data science,https://au.neuvoo.com/job.php?id=d5drx3czqj&lang=en&k=data+science,*No found
2,Operations Graduate Program - Logistics Engineer,Volvo Group,"Wacol, Queensland",Neuvoo,data science,https://au.neuvoo.com/job.php?id=t7zv9s3hpc&lang=en&k=data+science,*No found
1,Power Systems Engineer,WattElectricalNews,Queensland,Neuvoo,python,https://au.neuvoo.com/job.php?id=ibcphhi96v&lang=en&k=python,*No found
3,Electrical Engineer,WattElectricalNews,Queensland,Neuvoo,developer,https://au.neuvoo.com/job.php?id=zjquwjtb59&lang=en&k=developer,*No found
1,Junior level NET Developer,WebJobs,"Brisbane, Queensland",Neuvoo,graduate developer,https://au.neuvoo.com/job.php?id=jh7quh3jud&lang=en&k=graduate+developer,*No found
3,Hadoop Developer,WebJobs,"Brisbane, Queensland",Neuvoo,python,https://au.neuvoo.com/job.php?id=rj24kfka3n&lang=en&k=python,*No found
0,Analyst Programmer,WebJobs,"Brisbane, Queensland",Neuvoo,programmer,https://au.neuvoo.com/job.php?id=skibb3cxyr&lang=en&k=programmer,*No found
3,Python Developer,WebJobs,"Brisbane, Queensland",Neuvoo,python,https://au.neuvoo.com/job.php?id=4zk06y6vjr&lang=en&k=python,*No found
2,Electronics Technician Apprenticeship(ZR_496_JOB),WebJobs,"Brisbane, Queensland",Neuvoo,programmer,https://au.neuvoo.com/job.php?id=vfnc5m0gf0&lang=en&k=programmer,*No found
3,Software Maintenance Engineer,WebJobs,"Brisbane, Queensland",Neuvoo,python,https://au.neuvoo.com/job.php?id=ivw0vrwdrv&lang=en&k=python,*No found
3,GIS Specialist,WebJobs,"Brisbane, Queensland",Neuvoo,python,https://au.neuvoo.com/job.php?id=sfhj94r2nz&lang=en&k=python,*No found
3,Business Analyst | Data Scientist,WebJobs,"Brisbane, Queensland",Neuvoo,python,https://au.neuvoo.com/job.php?id=na64gb9bqb&lang=en&k=python,*No found
3,Lead Developer Coach,WebJobs,"Brisbane, Queensland",Neuvoo,python,https://au.neuvoo.com/job.php?id=e8sm8bav32&lang=en&k=python,*No found
1,Discovery Representative,"Wyndham Hotels and Resorts, LLC",Queensland,Neuvoo,part time developer,https://au.neuvoo.com/job.php?id=wa2bvi3yb4&lang=en&k=part+time+developer,*No found
4,Software Engineer III,Zetron Australasia,Brisbane QLD,Indeed,developer,https://au.indeed.com//rc/clk?jk=c9d784311d91fa12&fccid=37dd80fd9fab045e,ethic & experienc & year
3,SCCM Consultant,en world Australia,,SEEK,programmer,https://www.seek.com.au//job/35474236?type=standout&userqueryid=955cbf4ff5728a6628c6603cbb7b0648-2613376,*No found
1,Microsoft Access Developer,inmarket systems,Brisbane QLD,Indeed,programmer,https://au.indeed.com//company/inmarket-systems/jobs/Microsoft-Access-Developer-1415c9a58649a22f?fccid=daaa5cb622b4e37c,experienc & year
2,Seeking Developer for 3 month contract,n/a,"Gold Coast City, Broadbeach Waters",Gumtree,programmer,https://www.gumtree.com.au/s-ad/broadbeach-waters/developer-programmer/seeking-developer-for-3-month-contract/1172971123,*No found
0,AMAZING OPPORTUNITY - Cosmetics Sales Consultant 45K - 90K,n/a,"Brisbane North West, Brisbane City",Gumtree,developer,https://www.gumtree.com.au/s-ad/brisbane-city/sales-representative-consultant/amazing-opportunity-cosmetics-sales-consultant-45k-90k/1107454024,*No found
0,Internships for Software Developers,n/a,"Brisbane North West, Brisbane City",Gumtree,developer,https://www.gumtree.com.au/s-ad/brisbane-city/developer-programmer/internships-for-software-developers/1173676858,*No found
0,Clinical Program Development,n/a,"Brisbane North West, Brisbane City",Gumtree,developer,https://www.gumtree.com.au/s-ad/brisbane-city/other/clinical-program-development/1173616365,*No found
0,Business Development Consultant,n/a,"Queensland, Brisbane Reg",Gumtree,developer,https://www.gumtree.com.au/s-ad/brisbane-region/new-business-development/business-development-consultant/1174990519,*No found
0,Looking for Web Developer (frontend/backend),n/a,"Brisbane North West, Brisbane City",Gumtree,developer,https://www.gumtree.com.au/s-ad/brisbane-city/web-development-production/looking-for-web-developer-frontend-backend-/1174684838,*No found
2,Electrical / Electronics Apprenticeship - Rare opportunity,n/a,"Brisbane North East, Windsor",Gumtree,programmer,https://www.gumtree.com.au/s-ad/windsor/electrician/electrical-electronics-apprenticeship-rare-opportunity/1172313913,*No found
2,,n/a,Price: not listed,Gumtree,programmer,https://www.gumtree.com.au/s-ad/broadbeach-waters/developer-programmer/-net-php-programmer-contract-position/1174258275,*No found
2,Solar Installer,n/a,"Ipswich City, Redbank Plains",Gumtree,programmer,https://www.gumtree.com.au/s-ad/redbank-plains/electrician/solar-installer/1174038153,*No found
2,WANTED: Casual CNC Programmer/Operator,n/a,"Ipswich South, Tamborine Mou",Gumtree,programmer,https://www.gumtree.com.au/s-ad/tamborine-mountain/fitter-turner-machinist/wanted-casual-cnc-programmer-operator/1174265071,*No found
2,Ethereum Blockchain Systems Programmer - Health Optimization Dapp,n/a,"Gold Coast City, Benow",Gumtree,programmer,https://www.gumtree.com.au/s-ad/benowa/developer-programmer/ethereum-blockchain-systems-programmer-health-optimization-dapp/1175017062,*No found
0,Javascript Software Developer for www,n/a,,Gumtree,developer,https://www.gumtree.com.au/s-ad/clayfield/developer-programmer/javascript-software-developer-for-www-carechat-co/1173333006,*No found
0,The best Summer Job in Australia,n/a,"Brisbane North West, Brisbane City",Gumtree,developer,https://www.gumtree.com.au/s-ad/brisbane-city/other/the-best-summer-job-in-australia/1174333139,*No found
2,disability support  carer,n/a,"Tweed Heads Area, Tweed Heads",Gumtree,programmer,https://www.gumtree.com.au/s-ad/tweed-heads/aged-disability-support/disability-support-carer/1174627618,*No found
0,Sales - Business Development,n/a,"Brisbane South West, Eight Mile Plains",Gumtree,developer,https://www.gumtree.com.au/s-ad/eight-mile-plains/new-business-development/sales-business-development/1171936995,*No found
0,Security Crowd control Work- North and south Brisbane,n/a,"Redcliffe Area, Redcliffe",Gumtree,developer,https://www.gumtree.com.au/s-ad/redcliffe/security-services/security-crowd-control-work-north-and-south-brisbane/1175037393,*No found
1,Housekeeping Supervisor (New Build 5 Star Hotel in Brisbane CBD),n/a,"Queensland, Brisbane Reg",Gumtree,developer,https://www.gumtree.com.au/s-ad/brisbane-region/front-office-guest-services/housekeeping-supervisor-new-build-5-star-hotel-in-brisbane-cbd-/1174262843,*No found
2,Estimator/Drafter,n/a,"Brisbane North East, Boondall",Gumtree,programmer,https://www.gumtree.com.au/s-ad/boondall/carpentry-cabinet-making/estimator-drafter/1164116758,*No found
2,Junior Pet Enthusiast Wanted!! Must LOVE Dogs,n/a,"Brisbane North East, Newstead",Gumtree,programmer,https://www.gumtree.com.au/s-ad/newstead/other-jobs/junior-pet-enthusiast-wanted-must-love-dogs/1172744765,*No found
2,SMARTPHONE REPAIRER WITH FIX2U – WORK WHEN AND WHERE YOU WANT,n/a,"Brisbane North East, Fortitude Valley",Gumtree,programmer,https://www.gumtree.com.au/s-ad/fortitude-valley/technician/smartphone-repairer-with-fix2u-work-when-and-where-you-want/1162768709,*Error 'charmap' codec can't encode character '\u2013' in position 41: character maps to <undefined>
0,Part time computer work for building company,n/a,"gan Area, Shailer Park",Gumtree,programmer,https://www.gumtree.com.au/s-ad/shailer-park/other/part-time-computer-work-for-building-company/1163306340,*No found
0,python install and assist with anaconda pytorch tensor flow,n/a,"Brisbane North West, Brisbane City",Gumtree,python,https://www.gumtree.com.au/s-ad/brisbane-city/developer-programmer/python-install-and-assist-with-anaconda-pytorch-tensor-flow/1171941510,*No found
0,Coding Mentor,n/a,"Brisbane North West, Brisbane City",Gumtree,python,https://www.gumtree.com.au/s-ad/brisbane-city/tutoring/coding-mentor/1148760004,*No found
0,Database programmer / Data Analyst - available to help your business,n/a,Price: not listed,Gumtree,programmer,https://www.gumtree.com.au/s-ad/mansfield/systems-business-analyst/database-programmer-data-analyst-available-to-help-your-business-/1173443437,*No found
0,C# programmer required,n/a,"Brisbane North West, Bellbowrie",Gumtree,programmer,https://www.gumtree.com.au/s-ad/bellbowrie/developer-programmer/c-programmer-required/1174224605,*No found
2,security specialist,randstad,"Brisbane, Queensland",Neuvoo,python,https://au.neuvoo.com/job.php?id=n030pu87sc&lang=en&k=python,*No found
2,Delivery Lead (Ariba Spend Analysis) Delivery Lead (Ariba Spend Analysis) Job,sap,"Brisbane, Queensland",Neuvoo,data science,https://au.neuvoo.com/job.php?id=fenstiy7xb&lang=en&k=data+science,*No found
2,Property Lawyer | 3rd to 5th Year | Specialist CBD Firm | Fantastic Opportunity,the agency,CBD & Inner Suburbs,SEEK,developer,https://www.seek.com.au//job/35491129?type=standard&userqueryid=e907361bbd2f1cd85fa93bb4a24fb26d-2640822,*No found
3,Software Application Developers x2,u&u Recruitment Partners,Brisbane QLD,Indeed,developer,https://au.indeed.com//rc/clk?jk=e27893fa2440fa82&fccid=196f28dfd7561bd1,onli & right & perman
1,UX Lead,u&u Recruitment Partners,Brisbane Central Business District QLD,Indeed,developer,https://au.indeed.com//rc/clk?jk=6c010a0a80b0d719&fccid=196f28dfd7561bd1&vjs=3,*No found
3,Integration Engineer/Developer,u&u Recruitment Partners,Brisbane QLD,Indeed,software engineering,https://au.indeed.com//rc/clk?jk=1f9b92c681fd7b62&fccid=196f28dfd7561bd1,onli & right & ethic
3,Software Application Developers x2,u&u. Recruitment Partners,,SEEK,developer,https://www.seek.com.au//job/35482527?type=standout&userqueryid=e907361bbd2f1cd85fa93bb4a24fb26d-2641698,onli
2,UX Lead  ,u&u. Recruitment Partners,CBD & Inner Suburbs,SEEK,part time developer,https://www.seek.com.au//job/35462716?type=standout&userqueryid=a15640fd2308c82dd13dfea98ffcc24b-2703112,*No found
3,Implementation lead,u&u. Recruitment Partners,,SEEK,part time developer,https://www.seek.com.au//job/35436900?type=standout&userqueryid=a15640fd2308c82dd13dfea98ffcc24b-2703933,onli
